01/01,ΒΑΣΙΑ
01/01,ΒΑΣΟΣ
01/01,ΒΑΣΩ
01/01,ΒΙΒΙΑΝ
01/01,ΒΙΚΥ
01/01,ΒΑΣΙΛΑΣ
01/01,ΒΑΣΙΛΕΙΟΣ
01/01,ΒΑΣΙΛΗΣ
01/01,ΒΑΣΙΛΙΝΑ
01/01,ΒΑΣΙΛΕΙΑ
01/01,ΒΑΣΙΛΙΚΗ
01/01,ΒΙΒΗ
01/01,ΕΜΜΕΛΕΙΑ
01/01,ΕΜΜΕΛΕΙΑ
01/01,ΛΑΚΗΣ
01/01,ΜΠΙΛΗΣ
01/01,ΤΗΛΕΜΑΧΟΣ
01/01,ΤΗΛΕΜΑΧΗ
02/01,ΣΙΛΒΑ
02/01,ΣΙΛΒΕΣΤΡΟΣ
02/01,ΣΙΛΒΗΣ
02/01,ΣΕΡΑΦΙΝΑ
02/01,ΣΕΡΑΦΕΙΜ
02/01,ΣΕΡΑΦΕΙΜΑ
02/01,ΣΕΡΑΦΕΙΜΗ
02/01,ΣΕΡΑΦΕΙΜΙΑ
02/01,ΣΕΡΑΦΕΙΜΙΤΣΑ
02/01,ΣΕΡΑΦΕΙΜΟΥΛΑ
02/01,ΣΙΛΒΕΣΤΡΑ
02/01,ΣΙΛΒΕΣΤΡΗΣ
03/01,ΓΕΝΕΒΙΕΒΗ
03/01,ΓΕΝΟΒΕΦΑ
05/01,ΘΕΟΠΕΜΠΤΗ
05/01,ΘΕΟΠΕΜΠΤΟΣ
05/01,ΘΕΏΝΗ
05/01,ΘΕΩΝΑΣ
05/01,ΣΥΓΚΛΗΤΙΚΗ
06/01,ΔΑΝΑ
06/01,ΔΑΝΗΣ
06/01,ΘΕΟΠΗ
06/01,ΘΕΟΠΟΥΛΑ
06/01,ΘΕΟΦΑΝΗΣ
06/01,ΘΕΟΦΑΝΙΑ
06/01,ΙΟΡΔΑΝΑ
06/01,ΙΟΡΔΑΝΗΣ
06/01,ΝΤΑΝΑ
06/01,ΝΤΑΝΗΣ
06/01,ΟΥΡΑΝΙΑ
06/01,ΠΕΡΙΣΤΕΡΑ
06/01,ΡΑΝΙΑ
06/01,ΦΑΝΗΣ
06/01,ΦΑΝΙΑ
06/01,ΦΕΝΙΑ
06/01,ΦΏΤΗΣ
06/01,ΦΏΤΙΟΣ
06/01,ΦΏΤΙΣ
06/01,ΦΏΤΩ
06/01,ΦΏΦΗ
06/01,ΦΑΙΗ
06/01,ΦΑΝΗ
06/01,ΦΑΝΟΥΛΑ
06/01,ΦΩΤΕΙΝΗ
06/01,ΦΩΤΕΙΝΟΣ
06/01,ΦΩΤΟΥΛΑ
06/01,ΦΩΦΏ
07/01,ΓΙΑΓΚΟΣ
07/01,ΓΙΑΝΝΑ
07/01,ΓΙΑΝΝΗΣ
07/01,ΓΙΑΝΝΟΥΛΑ
07/01,ΖΑΝ
07/01,ΖΑΝΕΤ
07/01,ΖΑΝΝΕΤΑ
07/01,ΖΑΝΝΕΤΟΣ
07/01,ΖΑΝΝΕΤΤΑ
07/01,ΖΑΝΝΕΤΤΟΣ
07/01,ΙΩΑΝΝΑ
07/01,ΙΩΑΝΝΗΣ
07/01,ΜΑΚΗΣ
07/01,ΠΡΟΔΡΟΜΟΣ
07/01,ΠΡΟΔΡΟΜΑΚΗΣ
07/01,ΤΖΑΝΗΣ
07/01,ΤΖΑΝΝΗΣ
08/01,ΕΛΣΑ
08/01,ΕΛΣΗ
08/01,ΑΓΑΘΩΝ
08/01,ΒΑΣΙΛΙΣΣΑ
08/01,ΔΟΜΗΝΙΚΟΣ
08/01,ΔΟΜΙΝΙΚΗ
08/01,ΔΟΜΝΙΚΑ
08/01,ΔΟΜΝΙΚΗ
08/01,ΚΕΛΣΑ
08/01,ΚΕΛΣΗ
08/01,ΚΕΛΣΙΑ
08/01,ΚΕΛΣΙΟΣ
08/01,ΝΕΝΑ
08/01,ΠΑΡΘΕΝΑ
11/01,ΔΟΣΗΣ
11/01,ΔΟΣΙΟΣ
11/01,ΘΕΟΔΟΣΗΣ
11/01,ΘΕΟΔΟΣΙΟΣ
11/01,ΤΕΟ
12/01,ΜΕΡΤΑ
12/01,ΜΕΡΤΗ
12/01,ΜΕΡΤΗΣ
12/01,ΜΕΡΤΙΟΣ
12/01,ΜΕΡΤΟΣ
12/01,ΜΥΡΤΟΣ
12/01,ΜΕΡΤΙΑ
12/01,ΜΕΡΤΟΥΛΑ
12/01,ΜΥΡΤΙΑ
12/01,ΜΥΡΤΟΥΛΑ
12/01,ΤΑΝΙΑ
12/01,ΤΑΤΙΑ
12/01,ΤΙΤΗ
12/01,ΤΑΤΙΑΝΑ
12/01,ΤΑΤΙΑΝΗ
13/01,ΕΡΜΙΛΛΗ
13/01,ΕΡΜΙΛΛΟΣ
13/01,ΕΡΜΥΛΑ
13/01,ΕΡΜΥΛΛΗ
13/01,ΕΡΜΥΛΛΟΣ
14/01,ΝΙΝΑ
14/01,ΝΙΝΑΣ
16/01,ΔΑΝ
16/01,ΔΑΝΑΗ
17/01,ΑΝΤΏΝΑΣ
17/01,ΑΝΤΏΝΗΣ
17/01,ΑΝΤΏΝΙΟΣ
17/01,ΑΝΤΩΝΑΚΟΣ
17/01,ΑΝΤΩΝΙΑ
17/01,ΑΝΤΩΝΟΥΛΑ
17/01,ΝΑΚΟΣ
17/01,ΤΟΝΗΣ
17/01,ΤΟΝΙΑ
17/01,ΤΟΝΥ
18/01,ΑΘΑΝΑΣΙΟΣ
18/01,ΑΘΑΝΑΣΙΑ
18/01,ΘΑΝΟΣ
18/01,ΘΑΝΑΣΗΣ
18/01,ΘΑΝΑΣΟΣ
18/01,ΘΑΝΑΣΟΥΛΑ
18/01,ΘΕΟΔΟΥΛΗ
18/01,ΘΕΟΔΟΥΛΟΣ
18/01,ΘΕΟΔΟΥΛΑ
18/01,ΘΕΟΔΟΥΛΗ
18/01,ΘΕΟΔΟΥΛΗΣ
18/01,ΘΕΟΔΟΥΛΙΟΣ
18/01,ΘΕΟΔΟΥΛΙΑ
18/01,ΚΥΡΙΛΛΟΣ
18/01,ΚΥΡΙΛΛΑ
18/01,ΚΥΡΙΛΛΗ
18/01,ΚΥΡΙΛΛΙΑ
18/01,ΝΑΝΣΥ
18/01,ΝΑΣΑ
18/01,ΝΑΣΙΑ
18/01,ΝΑΣΟΣ
18/01,ΣΑΚΗΣ
18/01,ΣΟΥΛΑ
18/01,ΣΟΥΛΗ
18/01,ΣΟΥΛΗΣ
19/01,ΕΥΦΡΑΣΙΑ
19/01,ΕΥΦΡΑΣΙΤΣΑ
19/01,ΜΑΚΑΡΗΣ
19/01,ΜΑΚΑΡΙΟΣ
19/01,ΜΑΚΑΡΩ
19/01,ΜΑΚΑΡΑΣ
19/01,ΜΑΚΑΡΙΑ
19/01,ΜΑΚΑΡΙΤΣΑ
19/01,ΜΑΚΑΡΟΥΛΑ
20/01,ΕΥΘΥΜΗΣ
20/01,ΕΥΘΥΜΙΟΣ
20/01,ΕΥΘΥΜΙΑ
20/01,ΕΥΘΥΜΟΥΛΑ
20/01,ΕΥΧΕΣ
20/01,ΘΕΜΗΣ
20/01,ΘΥΜΙΟΣ
20/01,ΘΥΡΣΑ
20/01,ΘΥΡΣΗ
20/01,ΘΥΡΣΗΣ
20/01,ΘΥΡΣΟΣ
20/01,ΦΑΒΙΑΝΟΣ
20/01,ΦΙΛΟΙ
21/01,ΑΓΝΗ
21/01,ΑΓΝΟΥΛΑ
21/01,ΕΥΓΕΝΗΣ
21/01,ΕΥΓΕΝΙΟΣ
21/01,ΜΑΞΙΜΑ
21/01,ΜΑΞΙΜΗ
21/01,ΜΑΞΙΜΟΣ
21/01,ΝΕΟΦΥΤΟΣ
21/01,ΝΕΟΦΥΤΗ
21/01,ΝΕΟΦΥΤΙΑ
21/01,ΠΑΤΡΑ
21/01,ΠΑΤΡΟΚΛΟΣ
21/01,ΠΑΤΡΟΚΛΕΙΑ
21/01,ΠΑΤΡΟΚΛΕΙΟΣ
21/01,ΠΑΤΡΟΥΛΑ
21/01,ΠΑΤΡΟΚΛΑ
21/01,ΠΑΤΡΟΚΛΕΑΣ
21/01,ΠΑΤΡΟΚΛΗΣ
22/01,ΑΝΕΣΤΗΣ
22/01,ΑΝΑΣΤΑΣΗΣ
22/01,ΑΝΑΣΤΑΣΙΟΣ
22/01,ΑΝΑΣΤΑΣΙΑ
22/01,ΘΕΑ
22/01,ΘΕΗ
22/01,ΘΕΟΣ
22/01,ΤΑΣΟΣ
22/01,ΤΙΜΑ
22/01,ΤΙΜΗ
22/01,ΤΙΜΗΣ
22/01,ΤΙΜΟΣ
22/01,ΤΑΣΟΥΛΑ
22/01,ΤΙΜΑΣ
22/01,ΤΙΜΟΘΕΟΣ
22/01,ΤΙΜΟΘΕΑ
22/01,ΤΙΜΟΘΕΗ
23/01,ΑΓΑΘΑΓΓΕΛΟΣ
23/01,ΑΓΑΘΑΓΓΕΛΑ
23/01,ΑΓΑΘΑΓΓΕΛΗ
23/01,ΔΙΟΝΥΣΗΣ
23/01,ΔΙΟΝΥΣΙΟΣ
23/01,ΔΙΟΝΥΣΙΑ
23/01,ΔΙΟΝΥΣΟΥΛΑ
23/01,ΚΛΗΜΗΣ
23/01,ΚΛΕΜΕΝΤΙΝΑ
23/01,ΚΛΕΜΕΝΤΙΝΗ
23/01,ΚΛΗΜΕΝΤΙΝΑ
23/01,ΚΛΗΜΕΝΤΙΝΗ
23/01,ΝΥΣΑ
23/01,ΝΥΣΗΣ
23/01,ΝΙΟΝΙΟΣ
23/01,ΝΤΕΝΗΣ
23/01,ΝΤΕΝΙΖ
23/01,ΝΤΕΝΙΣ
23/01,ΣΙΣΣΥ
24/01,ΖΩΣΙΜΑΣ
24/01,ΖΩΣΙΜΙΝΑ
24/01,ΞΕΝΗ
24/01,ΞΕΝΙΑ
24/01,ΞΕΝΙΟΣ
24/01,ΞΕΝΟΣ
24/01,ΦΙΛΩΝ
24/01,ΦΙΛΩΝΑΣ
25/01,ΓΟΛΗΣ
25/01,ΓΡΗΓΟΡΗΣ
25/01,ΓΡΗΓΟΡΙΟΣ
25/01,ΓΡΗΓΟΡΙΑ
25/01,ΜΑΡΓΑΡΙΤΑ
25/01,ΜΑΡΓΑΡΙΤΗΣ
25/01,ΜΑΡΓΑΡΙΤΑΡΕΝΙΑ
25/01,ΡΙΤΑ
26/01,ΞΕΝΟΦΏΝ
26/01,ΞΕΝΟΦΏΝΤΑΣ
26/01,ΞΕΝΟΦΏΝΤΗ
26/01,ΞΕΝΟΦΟΥΛΑ
26/01,ΞΕΝΟΦΩΝΤΙΑ
26/01,ΞΕΝΟΦΩΝΤΙΝΑ
26/01,ΦΟΝΗΣ
26/01,ΦΟΝΤΑΣ
26/01,ΦΏΝΤΑΣ
27/01,ΧΡΥΣΟΣΤΟΜΟΣ
27/01,ΧΡΥΣΟΣΤΟΜΗ
27/01,ΧΡΥΣΟΣΤΟΜΗΣ
27/01,ΧΡΥΣΟΣΤΟΜΙΑ
27/01,ΧΡΥΣΟΣΤΟΜΙΤΣΑ
28/01,ΠΑΛΑΔΗΣ
28/01,ΠΑΛΑΔΙΟΣ
28/01,ΠΑΛΛΑΔΗΣ
28/01,ΠΑΛΛΑΔΙΟΣ
28/01,ΧΑΡΙΣ
29/01,ΒΑΛΣΑΜΩ
29/01,ΒΑΛΣΑΜΙΑ
29/01,ΒΑΡΣΑΜΗΣ
29/01,ΒΑΡΣΑΜΩ
29/01,ΒΑΡΣΑΜΙΑ
29/01,ΒΑΡΣΙΜΑΙΟΣ
30/01,ΑΥΡΑ
30/01,ΑΡΧΟΝΤΙΣΣΑ
30/01,ΑΡΧΟΝΤΩ
30/01,ΑΡΧΟΝΤΗ
30/01,ΑΡΧΟΝΤΗΣ
30/01,ΑΡΧΟΝΤΙΑ
30/01,ΑΡΧΟΝΤΙΩΝ
30/01,ΑΡΧΟΝΤΙΩΝΑΣ
30/01,ΑΡΧΟΝΤΟΥΛΑ
30/01,ΜΑΥΡΟΣ
30/01,ΜΑΥΡΕΤΑ
30/01,ΜΑΥΡΟΕΙΔΗΣ
30/01,ΜΑΥΡΟΥΔΗΣ
30/01,ΣΗΛΙΑ
30/01,ΧΡΥΣΑ
30/01,ΧΡΥΣΗ
30/01,ΧΡΥΣΑΛΙΑ
30/01,ΧΡΥΣΑΥΓΗ
30/01,ΧΡΥΣΟΥΛΑ
30/01,ΧΡΥΣΤΑΛΛΑ
30/01,ΧΡΥΣΤΑΛΛΙΑ
31/01,ΔΟΞΑ
31/01,ΔΟΞΟΥΛΑ
31/01,ΕΥΔΟΞΙΑ
31/01,ΕΥΔΟΞΟΥΛΑ
31/01,ΚΥΡΗΣ
31/01,ΚΥΡΟΣ
01/02,ΤΡΥΦΩΝ
01/02,ΤΡΥΦΩΝΑΣ
01/02,ΤΡΥΦΩΝΙΑ
01/02,ΦΙΛΙΚΗΤΑ
01/02,ΦΙΛΙΚΗΤΗ
01/02,ΦΙΛΙΚΗΤΑΤΗ
02/02,ΜΑΡΟΥΛΑ
02/02,ΜΑΡΟΥΛΙΑ
02/02,ΡΟΥΛΑ
02/02,ΥΠΑΠΑΝΤΗ
03/02,ΜΑΤΑ
03/02,ΜΑΤΩ
03/02,ΜΑΤΙΝΑ
03/02,ΜΑΤΟΥΛΑ
03/02,ΣΥΜΗ
03/02,ΣΥΜΟΣ
03/02,ΣΤΑΜΟΣ
03/02,ΣΤΑΜΑΤΑ
03/02,ΣΤΑΜΑΤΗΣ
03/02,ΣΤΑΜΑΤΙΟΣ
03/02,ΣΤΑΜΕΛΑ
03/02,ΣΤΑΜΕΛΗΣ
03/02,ΣΤΑΜΕΛΟΣ
03/02,ΣΤΑΜΑΤΕΛΛΑ
03/02,ΣΤΑΜΑΤΗ
03/02,ΣΤΑΜΑΤΙΑ
03/02,ΣΤΑΜΑΤΙΝΑ
03/02,ΣΤΑΜΕΛΑΣ
03/02,ΣΤΑΜΟΥΛΑ
03/02,ΣΤΑΜΟΥΛΗΣ
03/02,ΣΥΜΕΏΝ
03/02,ΣΥΜΕΏΝΑ
03/02,ΣΥΜΕΏΝΗΣ
03/02,ΣΥΜΕΩΝΗ
03/02,ΣΥΜΕΩΝΙΑ
04/02,ΔΏΡΑ
04/02,ΙΑΣΙΜΟΣ
04/02,ΙΑΣΙΜΗ
04/02,ΙΣΙΔΩΡΟΣ
04/02,ΙΣΙΔΏΡΑ
04/02,ΣΙΜΗ
04/02,ΣΙΜΟΣ
04/02,ΣΙΔΕΡΗΣ
05/02,ΑΓΑΘΗ
05/02,ΑΓΑΘΙΑ
05/02,ΑΓΑΘΙΤΣΑ
05/02,ΑΓΑΘΏ
05/02,ΑΓΑΘΟΥΛΑ
07/02,ΛΟΥΚΑΣ
07/02,ΛΟΥΚΙΑ
07/02,ΛΟΥΚΙΤΣΑ
07/02,ΠΑΡΘΕΝΗΣ
07/02,ΠΑΡΘΕΝΙΟΣ
07/02,ΠΑΡΘΕΝΙΑ
07/02,ΠΑΡΘΕΝΟΠΗ
08/02,ΖΑΚΗΣ
08/02,ΖΑΚΙ
08/02,ΖΑΧΑΡΗΣ
08/02,ΖΑΧΑΡΟΣ
08/02,ΖΑΧΑΡΩ
08/02,ΖΑΧΑΡΕΝΙΑ
08/02,ΖΑΧΑΡΙΑΣ
08/02,ΖΑΧΑΡΙΤΣΑ
08/02,ΖΑΧΑΡΟΥΛΑ
08/02,ΜΑΡΘΑ
09/02,ΜΑΡΚΕΛΟΣ
09/02,ΝΙΚΗΦΟΡΑ
09/02,ΝΙΚΗΦΟΡΟΣ
09/02,ΝΙΚΗΦΟΡΙΑ
09/02,ΠΑΓΚΡΑΤΙΟΣ
09/02,ΠΑΓΚΡΑΤΙΑ
10/02,ΛΑΜΠΗΣ
10/02,ΛΑΜΠΟΣ
10/02,ΛΑΜΠΩ
10/02,ΛΑΜΠΗ
10/02,ΛΑΜΠΙΑΣ
10/02,ΜΠΑΜΠΗΣ
10/02,ΜΠΑΜΠΟΣ
10/02,ΜΠΗΛΙΩ
10/02,ΜΠΙΑ
10/02,ΜΠΑΜΠΙΝΑ
10/02,ΜΠΙΛΙΏ
10/02,ΧΑΜΠΗ
10/02,ΧΑΜΠΟΣ
10/02,ΧΑΡΗΣ
10/02,ΧΑΡΑ
10/02,ΧΑΡΑΛΑΜΠΟΣ
10/02,ΧΑΡΙΚΛΕΙΑ
10/02,ΧΑΡΙΛΑΟΣ
10/02,ΧΑΡΑΛΑΜΠΗΣ
10/02,ΧΑΡΑΛΑΜΠΗ
10/02,ΧΑΡΑΛΑΜΠΙΑ
10/02,ΧΑΡΟΥΛΑ
11/02,ΑΥΓΗ
11/02,ΑΥΓΟΥΛΑ
11/02,ΒΛΑΣΗΣ
11/02,ΒΛΑΣΙΟΣ
11/02,ΒΛΑΣΟΣ
11/02,ΒΛΑΣΙΑ
11/02,ΒΛΑΣΟΥΛΑ
11/02,ΔΩΡΟΥΛΑ
11/02,ΘΕΟΔΏΡΑ
11/02,ΘΟΔΏΡΑ
11/02,ΝΤΟΡΑ
12/02,ΜΕΛΕΤΗΣ
12/02,ΜΕΛΕΤΙΟΣ
12/02,ΜΕΛΕΤΙΑ
12/02,ΜΕΛΕΤΙΝΑ
12/02,ΜΕΛΕΤΟΥΛΑ
12/02,ΠΛΩΤΗ
12/02,ΠΛΩΤΙΝΑ
12/02,ΠΛΩΤΙΝΗ
12/02,ΠΛΩΤΙΝΟΣ
12/02,ΠΛΩΤΟΣ
13/02,ΜΑΡΤΙΝΙΑΝΟΣ
13/02,ΠΡΙΣΚΙΛΛΑ
13/02,ΠΡΙΣΙΛΛΑ
14/02,ΒΑΛΕΝΤΙΝΑ
14/02,ΒΑΛΕΝΤΙΝΗ
14/02,ΒΑΛΕΝΤΙΝΟ
14/02,ΒΑΛΕΝΤΙΝΟΣ
14/02,ΒΑΛΕΝΤΙΩΝ
14/02,ΝΤΙΝΑ
14/02,ΝΤΙΝΟΣ
15/02,ΕΥΣΕΒΙΟΣ
15/02,ΕΥΣΕΒΗΣ
15/02,ΕΥΣΕΒΕΙΑ
15/02,ΕΥΣΕΒΟΥΛΑ
15/02,ΣΕΒΗ
15/02,ΣΕΒΟΥΛΑ
15/02,ΧΛΟΗ
16/02,ΠΑΜΦΙΛΟΣ
16/02,ΠΑΜΦΙΛΗ
16/02,ΠΑΜΦΥΛΗ
16/02,ΣΕΛΕΥΚΟΣ
16/02,ΣΕΛΕΥΚΑ
16/02,ΣΕΛΕΥΚΕΙΑ
16/02,ΣΕΛΕΥΚΗ
17/02,ΘΟΔΩΡΟΣ
17/02,ΘΕΟΔΩΡΟΣ
17/02,ΘΟΔΩΡΗΣ
17/02,ΠΟΥΛΧΕΡΗ
17/02,ΠΟΥΛΧΕΡΩ
17/02,ΠΟΥΛΧΕΡΙΑ
17/02,ΠΟΥΛΧΕΡΙΝΑ
17/02,ΠΟΥΛΧΕΡΙΤΣΑ
18/02,ΑΓΑΠΗΤΟΣ
18/02,ΛΕΟΝΤΑΣ
18/02,ΛΕΩΝ
18/02,ΛΕΟΝΤΑΡΗΣ
18/02,ΛΕΟΝΤΑΡΙΟΣ
18/02,ΛΕΟΝΤΟΚΑΡΔΟΣ
19/02,ΦΙΛΟΘΕΟΣ
19/02,ΦΙΛΟΘΕΑ
19/02,ΦΙΛΟΘΕΗ
19/02,ΦΙΛΟΘΕΟΥΛΑ
22/02,ΘΑΛΑΣΣΑ
22/02,ΘΑΛΑΣΣΗΣ
22/02,ΘΑΛΑΣΣΙΟΣ
22/02,ΘΑΛΑΣΣΙΑ
22/02,ΘΑΛΑΣΣΙΑ
22/02,ΘΑΛΑΣΣΙΝΗ
22/02,ΦΙΛΟΙ
23/02,ΠΟΛΥΚΑΡΠΟΣ
23/02,ΠΟΛΥΚΑΡΠΗ
23/02,ΠΟΛΥΚΑΡΠΗΣ
23/02,ΠΟΛΥΚΑΡΠΙΑ
23/02,ΠΟΛΥΚΑΡΠΙΤΣΑ
23/02,ΠΟΛΥΚΑΡΠΟΥΛΑ
23/02,ΠΟΛΥΧΡΟΝΗΣ
23/02,ΠΟΛΥΧΡΟΝΙΟΣ
23/02,ΠΟΛΥΧΡΟΝΙΑ
23/02,ΠΟΛΥΧΡΟΝΟΥΛΑ
23/02,ΧΡΟΝΗΣ
25/02,ΡΗΓΑΣ
25/02,ΡΗΓΙΣΣΑ
25/02,ΡΗΓΟΣ
25/02,ΡΕΓΙΝΑ
25/02,ΡΕΓΓΙΝΑ
25/02,ΡΗΓΙΛΗ
25/02,ΡΗΓΙΝΑ
25/02,ΡΗΓΙΝΗ
25/02,ΡΗΓΙΝΟΣ
25/02,ΡΗΓΏ
25/02,ΡΗΓΟΥΛΑ
25/02,ΡΗΓΟΠΟΥΛΑ
25/02,ΤΑΡΑΣΗΣ
25/02,ΤΑΡΑΣΙΟΣ
25/02,ΤΑΡΑΣΙΑ
25/02,ΤΑΡΣΗ
25/02,ΤΑΡΣΙΤΣΑ
25/02,ΤΑΡΣΏ
26/02,ΑΝΑΤΟΛΗ
26/02,ΠΟΡΦΥΡΑ
26/02,ΠΟΡΦΥΡΗΣ
26/02,ΠΟΡΦΥΡΙΟΣ
26/02,ΠΟΡΦΥΡΗ
26/02,ΠΟΡΦΥΡΙΑ
26/02,ΠΟΡΦΥΡΟΣ
26/02,ΠΟΡΦΥΡΏ
26/02,ΠΟΡΦΥΡΟΥΛΑ
26/02,ΣΕΒΗΣ
26/02,ΣΕΒΟΣ
26/02,ΣΕΒΑΣΤΙΝΟΣ
26/02,ΣΕΒΑΣΤΟΣ
26/02,ΣΕΒΑΣΤΙΑΝΟΣ
27/02,ΑΣΚΛΗΠΙΑΔΑ
27/02,ΑΣΚΛΗΠΙΑΣ
27/02,ΑΣΚΛΗΠΙΟΣ
27/02,ΝΗΣΗΣ
27/02,ΝΗΣΙΟΣ
28/02,ΚΥΡΑ
28/02,ΚΥΡΑ
28/02,ΚΥΡΑΤΣΑ
28/02,ΚΥΡΑΤΣΗ
28/02,ΚΥΡΑΤΣΩ
28/02,ΚΥΡΑΤΣΟΥΔΑ
28/02,ΜΑΡΙΑΝΝΑ
29/02,ΚΑΣΙΟΣ
29/02,ΚΑΣΟΣ
29/02,ΚΑΣΣΙΟΣ
29/02,ΚΑΣΣΟΣ
29/02,ΚΑΣΙΑΝΟΣ
29/02,ΚΑΣΣΙΑΝΟΣ
01/03,ΑΞΙΑ
01/03,ΑΞΙΟΣ
01/03,ΔΟΞΑΚΗΣ
01/03,ΕΥΗ
01/03,ΕΥΔΟΚΗ
01/03,ΕΥΔΟΚΙΑ
01/03,ΕΥΔΟΚΙΤΣΑ
01/03,ΕΥΔΟΚΟΥΛΑ
01/03,ΛΩΞΑΝΔΡΑ
01/03,ΛΩΞΑΝΤΡΑ
01/03,ΟΡΘΟΥΛΑ
01/03,ΟΡΘΟΔΟΞΗΣ
01/03,ΟΡΘΟΔΟΞΙΑ
01/03,ΠΑΡΗΣ
01/03,ΠΑΡΙΣ
01/03,ΠΑΡΑΣΧΟΣ
01/03,ΡΩΞΑΝΑ
01/03,ΡΩΞΑΝΗ
01/03,ΧΑΡΙΣΟΣ
01/03,ΧΑΡΙΣΑ
01/03,ΧΑΡΙΣΗΣ
01/03,ΧΑΡΙΣΙΟΣ
02/03,ΕΥΘΑΛΙΑ
02/03,ΕΥΘΑΛΙΤΣΑ
02/03,ΕΥΘΑΛΙΏ
02/03,ΘΑΛΕΙΑ
02/03,ΘΑΛΙΑ
02/03,ΘΑΛΙΤΣΑ
02/03,ΘΑΛΙΏ
02/03,ΤΡΩΑΔΑ
02/03,ΤΡΩΑΔΗ
02/03,ΤΡΩΑΔΗΣ
02/03,ΤΡΩΑΔΙΟΣ
02/03,ΤΡΩΑΔΟΣ
02/03,ΤΡΩΑΣ
02/03,ΤΡΩΑΔΙΑ
02/03,ΤΡΩΑΔΙΤΣΑ
03/03,ΘΕΟΔΏΡΗΤΟΣ
03/03,ΚΛΕΟΝΙΚΟΣ
03/03,ΚΛΕΟΝΙΚΗ
03/03,ΚΛΕΟΝΙΚΩ
03/03,ΝΙΚΗ
04/03,ΓΕΡΑΣΙΜΟΣ
04/03,ΓΕΡΑΣΙΜΟΥΛΑ
04/03,ΜΙΚΗΣ
04/03,ΜΙΚΕΣ
05/03,ΑΡΧΕΛΑΟΣ
05/03,ΕΥΛΟΓΙΟΣ
05/03,ΕΥΛΟΓΗΣ
05/03,ΕΥΛΟΓΙΑ
05/03,ΕΥΛΟΓΙΤΣΑ
05/03,ΕΥΛΟΓΟΥΛΑ
05/03,ΚΟΝΩΝ
06/03,ΗΣΥΧΗΣ
06/03,ΗΣΥΧΙΟΣ
06/03,ΗΣΥΧΙΑ
08/03,ΕΡΜΗΣ
08/03,ΘΕΟΦΥΛΑΚΤΗ
08/03,ΘΕΟΦΥΛΑΚΤΟΣ
08/03,ΦΥΛΑΚΤΗ
08/03,ΦΥΛΑΚΤΟΣ
08/03,ΦΥΛΑΧΤΗ
08/03,ΦΥΛΑΧΤΟΣ
08/03,ΦΥΛΑΧΤΟΥΛΑ
09/03,ΑΕΤΗΣ
09/03,ΑΕΤΙΟΣ
09/03,ΑΕΤΙΝΑ
09/03,ΑΕΤΙΣ
09/03,ΑΕΤΙΩΝ
09/03,ΑΕΤΟΣ
09/03,ΒΙΒΙΑΝΑ
09/03,ΒΙΒΙΑΝΗ
09/03,ΒΙΒΙΑΝΟΣ
09/03,ΗΛΙΑΝΑ
09/03,ΗΛΙΑΝΝΑ
09/03,ΗΛΙΑΝΗ
09/03,ΗΛΙΑΝΟΣ
09/03,ΙΛΙΑΝΑ
09/03,ΙΛΙΑΣ
09/03,ΛΙΑΝΑ
09/03,ΛΥΣΙΜΑΧΟΣ
09/03,ΛΥΣΙΜΑΧΗ
09/03,ΞΑΝΘΙΟΣ
09/03,ΞΑΝΘΟΣ
09/03,ΞΑΝΘΗ
09/03,ΞΑΝΘΙΑΣ
09/03,ΞΑΝΘΟΥΛΑ
09/03,ΞΑΝΘΟΥΛΗΣ
09/03,ΞΑΝΘΟΥΛΙΟΣ
09/03,ΣΑΡΑΝΤΗΣ
09/03,ΣΑΡΑΝΤΟΣ
09/03,ΣΑΡΑΝΤΩ
09/03,ΣΑΡΑΝΤΟΥΛΑ
09/03,ΣΕΒΗΡΙΑΝΗ
09/03,ΣΕΒΗΡΙΑΝΟΣ
09/03,ΣΜΑΡΑ
09/03,ΣΜΑΡΑΓΔΟΣ
09/03,ΣΜΑΡΗΣ
09/03,ΣΜΑΡΑΓΔΑ
09/03,ΣΜΑΡΑΓΔΗΣ
09/03,ΣΜΑΡΑΓΔΩ
09/03,ΣΜΑΡΏ
09/03,ΣΜΑΡΑΓΔΕΝΙΑ
09/03,ΣΜΑΡΑΓΔΕΝΙΟΣ
09/03,ΣΜΑΡΑΓΔΗ
09/03,ΣΜΑΡΑΓΔΙΑ
09/03,ΣΜΑΡΑΓΔΟΥΛΑ
09/03,ΣΜΑΡΟΥΛΑ
09/03,ΦΙΛΟΚΤΗΜΟΝΑΣ
09/03,ΦΙΛΟΚΤΗΜΩΝ
11/03,ΖΑΜΠΙΑ
11/03,ΖΑΜΠΙΝΑ
11/03,ΘΑΛΛΕΙΑ
11/03,ΘΑΛΛΩ
11/03,ΘΑΛΗΣ
11/03,ΘΑΛΛΗΣ
11/03,ΘΑΛΛΟΣ
11/03,ΣΑΒΙΝΑ
11/03,ΣΩΦΡΟΝΗ
11/03,ΣΩΦΡΟΝΗΣ
11/03,ΣΩΦΡΟΝΙΟΣ
11/03,ΣΩΦΡΟΝΙΑ
13/03,ΛΕΑΝΔΡΟΣ
13/03,ΜΑΡΙΟΣ
14/03,ΒΕΝΕΔΙΚΤΟΣ
14/03,ΒΕΝΕΔΙΚΤΗ
14/03,ΒΕΝΕΔΙΚΤΙΝΑ
14/03,ΒΕΝΕΔΙΚΤΙΝΗ
14/03,ΕΥΦΡΑΣΑΣ
14/03,ΕΥΦΡΑΣΗΣ
14/03,ΕΥΦΡΑΣΙΟΣ
14/03,ΘΙΛΔΑ
14/03,ΘΙΛΔΗ
14/03,ΜΑΘΙΛΔΗ
14/03,ΜΑΤΙΛΝΤΑ
14/03,ΜΑΤΘΙΛΔΗ
14/03,ΜΑΤΘΙΛΝΤΗ
14/03,ΤΙΤΑ
14/03,ΦΡΑΣΑΣ
14/03,ΦΡΑΣΗΣ
14/03,ΦΡΑΣΙΟΣ
15/03,ΑΓΑΠΙΟΣ
16/03,ΓΙΟΛΑΝΟΣ
16/03,ΓΙΟΥΛΙΑΝΟΣ
16/03,ΙΟΥΛΙΑΝΟΣ
16/03,ΧΡΙΣΤΟΔΟΥΛΟΣ
16/03,ΧΡΙΣΤΟΔΟΥΛΗ
17/03,ΑΛΕΚΟΣ
17/03,ΑΛΕΞΑ
17/03,ΑΛΕΞΗΣ
17/03,ΑΛΕΞΙΟΣ
17/03,ΑΛΕΞΙΑ
17/03,ΓΕΡΤΡΟΥΔΗ
18/03,ΕΝΤΟΥΑΡΝΤ
18/03,ΕΝΤΥ
18/03,ΕΔΟΥΑΡΔΟΣ
19/03,ΔΑΡΑ
19/03,ΔΑΡΩ
19/03,ΔΑΡΕΙΑ
19/03,ΧΡΥΣΑΝΘΟΣ
19/03,ΧΡΥΣΑΝΘΗ
19/03,ΧΡΥΣΑΝΘΗΣ
19/03,ΧΡΥΣΑΝΘΙΣ
20/03,ΚΛΟ
20/03,ΚΛΟΝΤΙΑ
20/03,ΚΛΏΝΤΙΑ
20/03,ΚΛΑΥΔΙΑ
20/03,ΡΟΔΗΣ
20/03,ΡΟΔΗ
20/03,ΡΟΔΙΑ
20/03,ΡΟΔΙΝΗΣ
20/03,ΡΟΔΙΑΝΑ
20/03,ΡΟΔΙΑΝΗ
20/03,ΡΟΔΙΑΝΟΣ
20/03,ΡΟΔΙΝΟΣ
22/03,ΔΡΟΣΟΣ
22/03,ΔΡΟΣΩ
22/03,ΔΡΟΣΙΑ
22/03,ΔΡΟΣΙΔΑ
22/03,ΔΡΟΣΙΣ
22/03,ΔΡΟΣΟΥΛΑ
22/03,ΔΡΟΣΟΣΤΑΛΙΑ
22/03,ΔΡΟΣΟΣΤΑΛΙΔΑ
25/03,ΑΓΓΕΛΟΣ
25/03,ΑΝΤΖΕΛΑ
25/03,ΑΝΤΖΥ
25/03,ΑΓΓΕΛΑ
25/03,ΑΓΓΕΛΗΣ
25/03,ΑΓΓΕΛΙΝΑ
25/03,ΑΓΓΕΛΙΚΗ
25/03,ΑΡΓΙΕΣ
25/03,ΒΑΓΓΟΣ
25/03,ΒΑΓΓΕΛΗΣ
25/03,ΒΑΓΓΕΛΙΤΣΑ
25/03,ΒΑΓΓΕΛΙΏ
25/03,ΕΥΑ
25/03,ΕΘΝΕΓΕΡΣΙΑ
25/03,ΕΟΡΤΟΛΟΓΙΟ.NET
25/03,ΕΥΑΓΓΕΛΟΣ
25/03,ΕΥΑΓΓΕΛΙΑ
25/03,ΚΕΛΛΥ
25/03,ΛΙΤΣΑ
25/03,ΛΙΛΗ
26/03,ΠΟΥΛΙΟΣ
26/03,ΣΥΛΑ
26/03,ΣΥΛΑΣ
26/03,ΣΥΛΗ
26/03,ΣΥΛΙΑ
26/03,ΣΥΛΛΑΣ
26/03,ΣΥΛΟΣ
27/03,ΛΗΔΑ
27/03,ΛΥΔΑ
27/03,ΛΥΔΙΑ
27/03,ΜΑΚΕΔΟΝΑΣ
27/03,ΜΑΚΕΔΟΝΗΣ
27/03,ΜΑΚΕΔΟΝΙΟΣ
27/03,ΜΑΚΕΔΏΝ
27/03,ΜΑΚΕΔΟΝΙΑ
27/03,ΜΑΚΕΔΟΝΙΤΣΑ
27/03,ΜΑΚΕΔΟΝΟΥΛΑ
27/03,ΜΑΤΡΟΝΑ
27/03,ΜΑΤΡΏΝΑ
27/03,ΦΙΛΗΤΑ
27/03,ΦΙΛΗΤΗ
27/03,ΦΙΛΗΤΟΣ
31/03,ΥΠΑΤΟΣ
31/03,ΥΠΑΤΗΣ
31/03,ΥΠΑΤΙΟΣ
02/04,ΤΙΤΗΣ
02/04,ΤΙΤΟΣ
03/04,ΙΛΛΥΡΙΟΣ
03/04,ΙΛΛΥΡΙΑ
03/04,ΛΥΡΑ
03/04,ΛΥΡΟΣ
04/04,ΛΑΖΑΡΟΣ
04/04,ΛΑΖΟΣ
04/04,ΛΑΖΑΡΙΑ
04/04,ΛΑΖΑΡΟΥΛΑ
05/04,ΑΡΓΥΡΗ
05/04,ΑΡΓΥΡΏ
05/04,ΑΡΓΥΡΟΥΛΑ
05/04,ΒΑΓΙΑ
05/04,ΒΑΙΑ
05/04,ΒΑΙΟΣ
05/04,ΒΑΙΑ
05/04,ΔΑΦΝΗ
05/04,ΔΑΦΝΗΣ
06/04,ΕΦΗ
06/04,ΕΥΤΥΧΗΣ
06/04,ΕΥΤΥΧΙΟΣ
06/04,ΕΥΤΥΧΙΑ
06/04,ΕΥΤΥΧΙΤΣΑ
06/04,ΕΥΤΥΧΟΥΛΑ
06/04,ΠΑΓΚΑΛΟΣ
09/04,ΕΥΨΥΧΟΣ
09/04,ΕΥΨΥΧΗΣ
09/04,ΕΥΨΥΧΙΟΣ
09/04,ΕΥΨΥΧΙΑ
09/04,ΕΥΨΥΧΙΤΣΑ
09/04,ΕΥΨΥΧΟΥΛΑ
09/04,ΦΙΛΟΙ
09/04,ΨΥΧΟΥΛΑ
10/04,ΟΜΗΡΟΣ
10/04,ΑΝΑΞΙΜΕΝΗΣ
10/04,ΔΗΜΟΣ
10/04,ΔΗΜΟΣΘΕΝΗΣ
10/04,ΕΠΑΜΕΙΝΏΝΔΑΣ
10/04,ΕΤΕΟΚΛΗΣ
10/04,ΖΗΝΩΝ
10/04,ΗΡΑΚΛΗΣ
10/04,ΗΡΑΚΛΙΤΣΑ
10/04,ΗΡΑΚΛΕΙΑ
10/04,ΗΦΑΙΣΤΙΩΝ
10/04,ΘΕΟΦΡΑΣΤΟΣ
10/04,ΘΕΜΙΣΤΩ
10/04,ΘΕΜΙΣΤΟΚΛΗΣ
10/04,ΘΕΜΙΣΤΟΚΛΕΙΑ
10/04,ΘΗΣΕΑΣ
10/04,ΘΗΣΕΥΣ
10/04,ΙΣΟΚΡΑΤΗΣ
10/04,ΜΕΝΗΣ
10/04,ΜΙΛΤΟΣ
10/04,ΜΙΛΤΙΑΔΗΣ
10/04,ΝΏΝΤΑΣ
10/04,ΠΙΝΔΑΡΟΣ
10/04,ΠΑΡΜΕΝΙΩΝ
10/04,ΠΕΛΟΠΙΔΑΣ
10/04,ΠΕΡΙΚΛΗΣ
10/04,ΠΟΛΥΒΙΟΣ
10/04,ΠΡΟΜΗΘΕΥΣ
10/04,ΣΟΦΟΚΛΕΙΑ
10/04,ΣΟΦΟΚΛΗΣ
10/04,ΣΩΚΡΑΤΗΣ
10/04,ΣΩΚΡΑΤΙΑ
10/04,ΣΩΚΡΑΤΙΝΑ
10/04,ΦΙΛΗΣ
10/04,ΦΏΚΟΣ
10/04,ΦΙΛΟΠΟΙΜΗΝ
10/04,ΦΩΚΙΩΝ
11/04,ΑΝΤΙΠΑΣ
11/04,ΑΝΤΥΠΑΣ
12/04,ΑΚΑΚΙΟΣ
12/04,ΑΝΘΟΥΣΑ
12/04,ΚΑΚΙ
12/04,ΚΑΧΙ
12/04,ΛΑΜΠΡΟΣ
12/04,ΛΙΛΑ
12/04,ΛΑΜΠΡΙΝΑ
12/04,ΛΑΜΠΡΙΝΗ
12/04,ΠΑΣΧΑΛΗΣ
12/04,ΠΑΣΧΑΛΙΝΑ
12/04,ΠΑΣΧΑΛΙΑ
13/04,ΓΕΡΟΝΤΙΟΣ
13/04,ΜΑΡΤΙΝΑ
13/04,ΜΑΡΤΙΝΗ
13/04,ΜΑΡΤΙΝΟΣ
13/04,ΤΙΝΑ
14/04,ΘΩΜΑΗ
14/04,ΘΩΜΑΪ́ΔΑ
14/04,ΘΩΜΑΪ́Σ
14/04,ΣΑΒΑΣ
14/04,ΣΑΒΒΑΣ
14/04,ΣΑΒΒΟΥΛΑ
14/04,ΣΑΒΒΟΥΛΗΣ
14/04,ΣΑΒΟΥΛΑ
14/04,ΣΑΒΟΥΛΗ
15/04,ΚΡΗΣΚΗΣ
15/04,ΛΕΏ
15/04,ΛΕΩΝΙΔΑΣ
15/04,ΛΕΩΝΙΔΗΣ
15/04,ΛΕΩΝΙΔΙΑ
16/04,ΓΑΛΗΝΗ
16/04,ΓΑΛΗΝΟΣ
16/04,ΚΑΛΙ
16/04,ΚΑΛΛΙ
16/04,ΚΑΛΙΑ
16/04,ΚΑΛΙΣ
16/04,ΚΑΛΛΙΑΚΑΛΙΔΑ
16/04,ΚΑΛΛΙΔΑ
16/04,ΚΑΛΛΙΣ
16/04,ΧΙΟΝΑΤΗ
16/04,ΧΙΟΝΙΑ
16/04,ΧΙΟΝΙΤΣΑ
16/04,ΧΙΟΝΟΥΛΑ
17/04,ΖΏΗΣ
17/04,ΖΗΣΟΥΛΑ
17/04,ΖΩΗ
17/04,ΖΩΖΏ
17/04,ΖΩΪ́ΤΣΑ
17/04,ΚΡΗΝΗ
17/04,ΚΡΗΝΙΏ
17/04,ΠΗΓΗ
19/04,ΦΙΛΙΠΠΑ
19/04,ΦΙΛΙΏ
19/04,ΦΙΛΙΠΠΙΑ
20/04,ΖΑΚΧΟΣ
20/04,ΖΑΧΟΣ
20/04,ΖΑΚΧΑΙΟΣ
21/04,ΑΛΕΚΑ
21/04,ΑΛΕΞΩ
21/04,ΑΛΕΞΑΝΔΡΑ
21/04,ΙΑΝΗ
21/04,ΙΑΝΟΣ
21/04,ΙΑΝΟΥΑΡΙΟΣ
21/04,ΣΑΝΤΡΑ
21/04,ΣΑΣΑ
21/04,ΦΑΙΣΤΟΣ
21/04,ΦΑΙΣΤΗ
21/04,ΦΑΙΣΤΙΝΑ
22/04,ΝΕΑΡΧΟΣ
22/04,ΝΑΘΑΝΗΣ
22/04,ΝΑΘΑΝΑΗΛ
22/04,ΝΑΘΑΝΑΗΛΗΣ
22/04,ΝΑΘΑΝΑΗΛΟΣ
22/04,ΝΑΘΑΝΑΗΛΙΑ
22/04,ΝΑΘΑΝΗΛΙΑ
22/04,ΝΙΑΡΧΟΣ
23/04,ΓΕΏΡΓΙΟΣ
23/04,ΓΕΩΡΓΗΣ
23/04,ΓΕΩΡΓΙΑ
23/04,ΓΕΩΡΓΙΑΝΝΑ
23/04,ΓΕΩΡΓΟΥΛΑ
23/04,ΓΙΏΡΓΗΣ
23/04,ΓΙΏΡΓΟΣ
23/04,ΓΙΟΡΙΚΑΣ
23/04,ΓΙΩΡΓΙΑ
23/04,ΓΩΓΏ
23/04,ΤΖΩΡΤΖΙΝΑ
24/04,ΕΛΛΗ
24/04,ΑΧΙΛΛΕΙΟΣ
24/04,ΑΧΙΛΛΙΟΣ
24/04,ΑΧΙΛΛΕΑΣ
24/04,ΑΧΙΛΛΕΥΣ
24/04,ΒΕΤΑ
24/04,ΔΟΥΚΑΣ
24/04,ΔΟΥΚΙΣΣΑ
24/04,ΔΟΥΚΙΤΣΑ
24/04,ΕΛΙΖΑ
24/04,ΕΛΙΣΑΒΕΤ
24/04,ΕΛΙΣΣΑΒΕΤ
24/04,ΖΕΤΑ
24/04,ΖΕΤΤΑ
24/04,ΘΑΥΜΑΣΤΗ
24/04,ΘΑΥΜΑΣΤΟΣ
24/04,ΛΙΖΑ
24/04,ΜΠΕΤΤΥ
25/04,ΜΑΡΚΟΣ
25/04,ΜΑΡΚΙΑ
25/04,ΜΑΡΚΟΥΛΑ
25/04,ΜΑΡΚΟΥΛΗΣ
26/04,ΓΛΑΦΥΡΑ
26/04,ΓΛΑΦΥΡΗ
26/04,ΓΛΑΦΥΡΟΣ
26/04,ΓΛΑΦΥΡΟΥΛΑ
26/04,ΜΥΡΟΦΟΡΑ
28/04,ΜΑΓΝΑ
28/04,ΜΑΓΝΟΣ
28/04,ΜΑΓΝΗΣ
29/04,ΙΑΣΟΝΑΣ
29/04,ΙΑΣΩΝ
29/04,ΙΑΣΩΝΑΣ
29/04,ΚΕΡΚΥΡΑ
29/04,ΚΕΡΚΥΡΑ
29/04,ΠΑΤΡΙΤΣΑ
29/04,ΣΏΠΑΤΡΟΣ
29/04,ΣΩΠΑΤΡΑ
29/04,ΣΩΠΑΤΡΙΑ
29/04,ΣΩΣΙΠΑΤΡΟΣ
30/04,ΑΡΓΙΕΣ
30/04,ΑΣΗΜΑΚΗΣ
30/04,ΑΣΗΜΕΝΙΑ
30/04,ΑΣΗΜΙΝΑ
30/04,ΔΟΝΑΤΑ
30/04,ΔΟΝΑΤΟΣ
30/04,ΖΑΚΕΛΙΝΑ
30/04,ΙΑΚΩΒΟΣ
30/04,ΙΑΚΩΒΙΝΑ
30/04,ΙΔΕΕΣ ΓΙΑ ΟΝΟΜΑ ΜΩΡΟΥ
30/04,ΜΑΛΑ
30/04,ΜΕΝΙΑ
30/04,ΜΙΝΑ
30/04,ΜΑΛΑΜΑΤΕΝΙΑ
30/04,ΜΑΛΑΜΑΤΗ
30/04,ΝΤΟΝΑ
30/04,ΝΤΟΝΑΤΑ
30/04,ΝΤΟΝΑΤΕΛΑ
01/05,ΙΕΡΕΜΙΑΣ
01/05,ΠΑΝΑΡΕΤΟΣ
01/05,ΠΑΝΑΡΕΤΗ
01/05,ΣΟΦΟΣ
01/05,ΤΑΜΑΡΑ
01/05,ΤΑΜΑΡΑ
01/05,ΦΙΛΟΣΟΦΟΣ
01/05,ΦΙΛΟΣΟΦΗ
01/05,ΦΙΛΟΣΟΦΙΑ
02/05,ΕΣΠΕΡΟΣ
02/05,ΑΥΓΕΡΑΣ
02/05,ΑΥΓΕΡΗΣ
02/05,ΑΥΓΕΡΟΥ
02/05,ΑΥΓΙΤΗΣ
02/05,ΑΥΓΕΡΙΝΟΣ
02/05,ΑΥΓΕΡΟΥ
02/05,ΕΣΠΕΡΑ
02/05,ΕΣΠΕΡΙΑ
03/05,ΒΗΘΕΣΔΑ
03/05,ΜΑΥΡΑ
03/05,ΜΑΥΡΙΤΣΑ
03/05,ΜΑΥΡΟΥΛΑ
03/05,ΡΟΔΟΠΗ
03/05,ΡΟΔΏΠΗ
04/05,ΙΛΑΡΙΟΣ
04/05,ΜΕΛΑΣ
04/05,ΜΕΛΙΑ
04/05,ΜΕΛΙΟΣ
04/05,ΜΕΛΟΣ
04/05,ΜΕΛΗΣ
04/05,ΜΕΛΙΤΣΑ
04/05,ΠΕΛΑΓΙΟΣ
04/05,ΠΕΛΑΓΗΣ
04/05,ΠΕΛΑΓΙΑ
04/05,ΠΕΛΑΓΙΝΑ
04/05,ΠΕΛΑΓΙΤΣΑ
04/05,ΠΕΛΑΓΙΏ
04/05,ΠΕΛΑΓΟΥΛΑ
05/05,ΕΙΡΗΝΑ
05/05,ΕΙΡΗΝΓΚΩ
05/05,ΕΙΡΗΝΗ
05/05,ΕΙΡΗΝΑΙΑ
05/05,ΕΙΡΗΝΑΙΟΣ
05/05,ΕΥΦΡΑΙΜ
05/05,ΕΥΦΡΑΙΜΙΑ
05/05,ΕΥΦΡΑΙΜΙΤΣΑ
05/05,ΕΦΡΑΙΜ
05/05,ΕΦΡΑΙΜΗΣ
05/05,ΕΦΡΑΙΜΙΟΣ
05/05,ΕΦΡΑΙΜΙΑ
05/05,ΡΕΝΑ
05/05,ΡΕΝΙΑ
05/05,ΡΕΝΟΣ
05/05,ΡΗΝΑ
05/05,ΡΗΝΙΏ
05/05,ΡΗΝΟΥΛΑ
06/05,ΙΏΒ
06/05,ΙΏΒΗ
06/05,ΙΩΒΙΑ
08/05,ΑΡΣΕΝΗΣ
08/05,ΑΡΣΕΝΙΟΣ
08/05,ΑΡΣΙΝΑ
08/05,ΑΡΣΕΝΙΑ
08/05,ΑΡΣΙΝΟΗ
08/05,ΘΕΟΛΟΓΗΣ
08/05,ΘΕΟΛΟΓΟΣ
08/05,ΘΕΟΛΟΓΙΑ
08/05,ΘΟΛΟΓΗΣ
08/05,ΘΟΛΟΓΟΣ
08/05,ΘΟΛΟΗΣ
08/05,ΘΟΛΟΓΙΑ
08/05,ΚΑΣΣΙΟΠΗ
08/05,ΜΗΛΗΣ
08/05,ΜΗΛΙΟΣ
08/05,ΜΗΛΙΤΣΑ
08/05,ΜΗΛΙΑ
08/05,ΜΗΛΙΏ
09/05,ΗΣΑΪ́ΑΣ
09/05,ΦΟΡΗΣ
09/05,ΧΡΙΣΤΟΦΗΣ
09/05,ΧΡΙΣΤΟΦΟΡΟΣ
09/05,ΧΡΙΣΤΟΦΙΑ
09/05,ΧΡΙΣΤΟΦΙΝΑ
09/05,ΧΡΙΣΤΟΦΟΡΗΣ
10/05,ΣΙΜΩΝ
11/05,ΟΛΙΑ
11/05,ΑΡΓΥΡΗΣ
11/05,ΑΡΓΥΡΙΟΣ
11/05,ΑΡΜΟΔΗΣ
11/05,ΑΡΜΟΔΙΟΣ
11/05,ΔΙΟΣΚΟΡΟΣ
11/05,ΔΙΟΣΚΟΡΙΔΗΣ
11/05,ΔΙΟΣΚΟΥΡΙΔΗΣ
11/05,ΕΥΦΡΟΣΥΝΑ
11/05,ΕΥΦΡΟΣΥΝΗ
11/05,ΜΕΘΟΔΙΟΣ
11/05,ΟΛΥΜΠΗ
11/05,ΟΛΥΜΠΩ
11/05,ΟΛΥΜΠΙΑ
11/05,ΟΛΥΜΠΙΑΔΑ
11/05,ΟΛΥΜΠΙΑΣ
11/05,ΟΛΥΜΠΟΥΛΑ
11/05,ΦΡΟΣΩ
11/05,ΦΡΟΣΥΝΗ
11/05,ΦΡΟΣΟΥ
11/05,ΦΡΟΣΟΥΛΑ
12/05,ΕΠΙΦΑΝΕΙΟΣ
12/05,ΕΠΙΦΑΝΙΟΣ
12/05,ΕΠΙΦΑΝΙΑ
13/05,ΓΛΥΚΕΡΙΑ
13/05,ΣΕΡΓΙΟΣ
13/05,ΣΕΡΓΙΑ
13/05,ΣΕΡΓΙΑΝΗ
13/05,ΣΕΡΓΙΟΥΛΑ
14/05,ΑΡΙΣΤΟΤΕΛΗΣ
14/05,ΘΕΡΑΠΩΝ
14/05,ΤΕΛΗΣ
15/05,ΚΑΛΗ
15/05,ΚΑΛΗ
15/05,ΠΑΧΟΣ
15/05,ΠΑΧΏΜΙΟΣ
15/05,ΠΑΧΟΥΜΙΟΣ
17/05,ΑΝΔΡΟΝΙΚΟΣ
17/05,ΑΝΔΡΟΝΙΚΗ
17/05,ΓΙΟΥΝΙΑ
17/05,ΙΟΥΝΙΑ
17/05,ΣΟΛΩΝ
17/05,ΣΟΛΩΝΑΣ
17/05,ΣΟΛΟΧΩΝ
18/05,ΓΑΛΑΤΕΙΑ
18/05,ΓΑΛΑΤΙΑ
18/05,ΓΙΟΥΛΑ
18/05,ΓΙΟΥΛΗ
18/05,ΓΙΟΥΛΙΑ
18/05,ΓΙΟΥΛΙΤΣΑ
18/05,ΙΟΥΛΙΟΣ
18/05,ΙΟΥΛΙΑ
18/05,ΙΟΥΛΙΤΣΑ
18/05,ΙΟΥΛΙΑΝΗ
18/05,ΤΖΟΥΛΙΑ
18/05,ΦΑΕΙΝΗ
18/05,ΦΑΕΙΝΟΣ
19/05,ΘΕΟΓΝΩΣΤΟΣ
19/05,ΘΕΟΚΤΙΣΤΟΣ
19/05,ΘΕΟΓΝΏΣΙΟΣ
19/05,ΘΕΟΓΝΏΣΤΗΣ
19/05,ΘΕΟΓΝΩΣΙΑ
19/05,ΜΕΝΑΝΔΡΟΣ
19/05,ΠΑΤΡΙΚ
19/05,ΠΑΤΡΙΚΑ
19/05,ΠΑΤΡΙΚΗΣ
19/05,ΠΑΤΡΙΚΙΟΣ
19/05,ΠΑΤΡΙΚΟΣ
19/05,ΠΑΤΡΙΤΣΗΣ
19/05,ΠΑΤΡΙΤΣΙΟΣ
19/05,ΠΑΤΡΙΚΙΑ
19/05,ΠΑΤΡΙΤΣΙΑ
20/05,ΘΑΛΛΕΛΑΙΟΣ
21/05,ΕΛΕΝΑ
21/05,ΕΛΕΝΗ
21/05,ΕΛΙΝΑ
21/05,ΕΛΕΑΝΑ
21/05,ΕΛΕΑΝΝΑ
21/05,ΕΛΕΝΑΚΙ
21/05,ΕΛΕΟΝΟΡΑ
21/05,ΕΛΕΟΝΏΡΑ
21/05,ΚΏΣΤΑΣ
21/05,ΚΩΝΣΤΑΝΤΙΑ
21/05,ΚΩΝΣΤΑΝΤΙΝΑ
21/05,ΚΩΝΣΤΑΝΤΙΝΟΣ
21/05,ΚΩΣΤΗΣ
21/05,ΚΩΣΤΑΝΤΙΝΑ
21/05,ΚΩΣΤΑΝΤΙΝΟΣ
21/05,ΚΩΣΤΟΥΛΑ
21/05,ΛΕΝΑ
21/05,ΛΕΝΓΚΩ
21/05,ΛΕΝΙΤΣΑ
21/05,ΛΕΝΙΏ
21/05,ΜΑΡΙΛΕΝΑ
21/05,ΝΑΝΤΙΑ
21/05,ΝΕΛΗ
21/05,ΝΙΤΣΑ
21/05,ΝΟΡΑ
22/05,ΕΜΙΛΥ
22/05,ΕΜΜΑ
22/05,ΑΙΜΙΛΙΟΣ
22/05,ΑΙΜΙΛΙΑ
22/05,ΕΜΙΛΙΑ
22/05,ΚΟΔΡΑ
22/05,ΚΟΔΡΟΣ
22/05,ΜΙΛΙΑ
22/05,ΜΙΛΙΟΣ
24/05,ΜΑΡΚΙΑΝΑ
24/05,ΜΑΡΚΙΑΝΗ
24/05,ΠΑΛΑΔΑ
24/05,ΠΑΛΑΔΙΑ
24/05,ΠΑΛΛΑΔΑ
24/05,ΠΑΛΛΑΔΙΑ
24/05,ΧΡΙΣΤΙΑΝΗ
24/05,ΧΡΙΣΤΙΑΝΟΣ
26/05,ΑΛΦΑΙΟΣ
26/05,ΚΑΡΠΟΣ
26/05,ΣΥΝΕΣΗΣ
26/05,ΣΥΝΕΣΙΟΣ
26/05,ΣΥΝΕΣΙΑ
27/05,ΑΛΥΠΙΟΣ
27/05,ΑΛΥΠΙΑ
27/05,ΙΩΑΝΝΗΣΟΡΏΣΣΟΣ
29/05,ΘΕΟΔΟΣΩ
29/05,ΘΕΟΔΟΣΙΑ
29/05,ΟΛΙΒΙΑ
29/05,ΟΛΒΙΑΝΟΣ
29/05,ΟΛΙΒΙΑ
29/05,ΟΛΙΒΙΑΝΟΣ
29/05,ΥΠΟΜΟΝΗ
31/05,ΕΡΜΕΙΑ
31/05,ΕΡΜΕΙΑΣ
31/05,ΕΡΜΕΙΑΣ
31/05,ΜΑΓΙΑ
31/05,ΜΑΓΟΣ
01/06,ΓΕΡΑΚΑΣ
01/06,ΓΕΡΑΚΗΣ
01/06,ΓΕΡΑΚΙΝΑ
01/06,ΕΥΕΛΠΙΣΤΟΣ
01/06,ΕΥΕΛΠΙΣΤΗ
01/06,ΘΕΣΠΕΣΗΣ
01/06,ΘΕΣΠΕΣΙΑ
01/06,ΘΕΣΠΕΣΙΟΣ
01/06,ΙΕΡΑΚΑΣ
01/06,ΙΕΡΑΞ
01/06,ΙΟΥΣΤΙΝΟΣ
01/06,ΚΟΡΗ
01/06,ΚΟΡΙΝΟΣ
01/06,ΠΥΡΑ
01/06,ΠΥΡΟΣ
01/06,ΠΥΡΡΑ
01/06,ΠΥΡΡΟΣ
01/06,ΤΡΙΑΔΑ
01/06,ΤΡΙΑΣ
02/06,ΜΑΡΙΝΟΣ
03/06,ΙΕΡΕΙΑ
03/06,ΙΕΡΙΑ
03/06,ΠΑΤΟΥΛΑ
03/06,ΥΠΑΤΗ
03/06,ΥΠΑΤΙΑ
03/06,ΥΠΑΤΟΥΛΑ
05/06,ΑΠΟΛΛΩΝ
05/06,ΑΠΟΛΛΩΝΑΣ
05/06,ΔΩΡΟΘΕΟΣ
05/06,ΔΩΡΟΘΕΑ
05/06,ΚΥΝΘΙΑ
05/06,ΚΥΝΘΙΑ
05/06,ΝΙΚΑΝΔΡΟΣ
05/06,ΝΙΚΑΝΔΡΙΑ
05/06,ΠΛΟΥΤΑΡΧΟΣ
05/06,ΣΕΛΗΝΑ
05/06,ΣΕΛΗΝΗ
05/06,ΣΕΛΗΝΙΟΣ
05/06,ΣΕΛΗΝΟΣ
05/06,ΣΕΛΗΝΙΑ
05/06,ΣΕΛΗΝΙΑΔΑ
05/06,ΣΕΛΗΝΙΑΣ
06/06,ΙΛΑΡΙΑ
06/06,ΙΛΑΡΙΩΝ
06/06,ΙΛΑΡΙΩΝΑΣ
06/06,ΙΛΑΡΙΑΔΑ
06/06,ΛΑΡΙΑΔΑ
07/06,ΑΓΙΣ
07/06,ΑΛΚΗΣΤΙΣ
07/06,ΑΡΙΑ
07/06,ΑΡΥΑ
07/06,ΕΒΕΛΙΝ
07/06,ΕΡΗ
07/06,ΕΡΡΙΚΑ
07/06,ΗΒΗ
07/06,ΗΡΑ
07/06,ΟΘΩΝ
07/06,ΟΘΩΝΑΣ
07/06,ΑΙΟΛΟΣ
07/06,ΑΙΣΩΠΟΣ
07/06,ΑΓΟΡΩ
07/06,ΑΓΑΜΕΜΝΟΝΑΣ
07/06,ΑΓΑΜΕΜΝΩΝ
07/06,ΑΓΗΣΙΛΑΟΣ
07/06,ΑΓΟΡΙΤΣΑ
07/06,ΑΛΒΕΡΤΟΣ
07/06,ΑΛΚΙΝΟΟΣ
07/06,ΑΛΚΜΗΝΗ
07/06,ΑΛΦΡΕΔΟΣ
07/06,ΑΜΦΙΤΡΙΤΗ
07/06,ΑΝΑΞΙΜΑΝΔΡΟΣ
07/06,ΑΝΔΡΟΚΛΗΣ
07/06,ΑΝΔΡΟΜΕΔΑ
07/06,ΑΝΤΙΟΠΗ
07/06,ΑΡΓΙΕΣ
07/06,ΑΡΘΟΥΡΟΣ
07/06,ΑΡΙΣΤΟΜΕΝΗΣ
07/06,ΑΡΜΟΝΙΑ
07/06,ΒΕΑΤΡΙΚΗ
07/06,ΒΕΛΙΣΑΡΙΟΣ
07/06,ΒΕΝΕΤΙΟΣ
07/06,ΒΕΝΕΤΙΑ
07/06,ΒΕΝΙΖΕΛΟΣ
07/06,ΒΙΟΛΕΤΑ
07/06,ΒΡΑΣΙΔΑΣ
07/06,ΓΙΑΣΕΜΗ
07/06,ΓΙΑΣΜΙΝΑ
07/06,ΓΙΟΛΑΝΤΑ
07/06,ΓΛΑΥΚΟΣ
07/06,ΓΟΡΓΙΑΣ
07/06,ΔΙΚΑΙΟΣ
07/06,ΔΙΑΓΟΡΑΣ
07/06,ΕΒΕΛΙΝΑ
07/06,ΕΛΒΙΡΑ
07/06,ΕΡΙΕΤΤΑ
07/06,ΕΡΙΦΥΛΗ
07/06,ΕΡΩΤΟΚΡΙΤΟΣ
07/06,ΕΥΑΓΟΡΑΣ
07/06,ΕΥΡΙΠΙΔΗΣ
07/06,ΕΥΡΥΔΙΚΗ
07/06,ΕΥΧΕΣ
07/06,ΖΏΤΟΣ
07/06,ΖΗΝΑΪ́ΔΑ
07/06,ΖΗΝΑΪ́Σ
07/06,ΗΛΕΚΤΡΑ
07/06,ΘΕΛΞΗ
07/06,ΘΡΑΣΟΣ
07/06,ΘΡΑΣΥΒΟΥΛΟΣ
07/06,ΙΟΛΗ
07/06,ΙΝΏ
07/06,ΙΟΚΑΣΤΗ
07/06,ΙΠΠΟΚΡΑΤΗΣ
07/06,ΙΣΑΒΕΛΑ
07/06,ΚΑΡΟΛΟΣ
07/06,ΚΙΜΩΝ
07/06,ΚΙΜΩΝΑΣ
07/06,ΚΙΡΚΗ
07/06,ΚΑΛΛΙΜΑΧΟΣ
07/06,ΚΑΛΟΜΟΙΡΑ
07/06,ΚΑΛΥΨΏ
07/06,ΚΑΝΕΛΑ
07/06,ΚΑΝΕΛΟΣ
07/06,ΚΑΡΟΛΙΝΑ
07/06,ΚΛΑΡΑ
07/06,ΚΛΕΑΡΧΟΣ
07/06,ΚΛΑΙΡΗ
07/06,ΚΛΕΑΝΘΗ
07/06,ΚΛΕΑΝΘΗΣ
07/06,ΚΛΕΟΜΕΝΗΣ
07/06,ΚΟΜΝΗΝΟΣ
07/06,ΚΡΙΤΩΝ
07/06,ΚΡΙΤΩΝΑΣ
07/06,ΚΡΑΤΕΡΟΣ
07/06,ΚΥΒΕΛΗ
07/06,ΚΥΡΗΝΗ
07/06,ΛΑΝΑ
07/06,ΛΑΡΑ
07/06,ΛΙΛΙΑΝ
07/06,ΛΥΣΑΝΔΡΟΣ
07/06,ΛΑΕΡΤΗΣ
07/06,ΛΟΓΟΘΕΤΗΣ
07/06,ΛΥΚΟΥΡΓΟΣ
07/06,ΜΑΝΘΟΣ
07/06,ΜΕΛΙΣΣΑ
07/06,ΜΙΝΩΑΣ
07/06,ΜΑΛΒΙΝΑ
07/06,ΜΑΝΘΟΥΛΑ
07/06,ΜΑΝΤΑΛΕΝΑ
07/06,ΜΑΡΙΣΣΑ
07/06,ΜΕΛΙΣΣΑ
07/06,ΜΗΛΙΝΟΗ
07/06,ΜΙΡΑΝΤΑ
07/06,ΜΙΡΕΛΑ
07/06,ΝΕΛΛΗ
07/06,ΝΙΑ
07/06,ΝΑΠΟΛΕΩΝ
07/06,ΝΑΠΟΛΕΩΝΤΑΣ
07/06,ΝΑΥΣΙΚΑ
07/06,ΝΕΟΚΛΗΣ
07/06,ΝΕΟΠΤΟΛΕΜΟΣ
07/06,ΝΙΟΒΗ
07/06,ΟΔΕΤΤΗ
07/06,ΟΝΟΜΑ ΜΩΡΟΥ - ΕΡΓΑΛΕΙΟ
07/06,ΟΝΟΜΑΤΑ
07/06,ΟΡΦΕΑΣ
07/06,ΟΦΗΛΙΑ
07/06,ΠΑΓΏΝΑ
07/06,ΠΑΓΚ. ΗΜΕΡΕΣ
07/06,ΠΑΝΑΓΟΣ
07/06,ΠΑΝΑΓΗΣ
07/06,ΠΕΡΙΑΝΔΡΟΣ
07/06,ΠΕΡΙΣΣΟΤΕΡΑ
07/06,ΠΟΥΛΙΑ
07/06,ΠΟΛΥΚΡΑΤΗΣ
07/06,ΠΡΑΞΙΤΕΛΗΣ
07/06,ΠΥΘΑΓΟΡΑΣ
07/06,ΡΕΑ
07/06,ΡΟΔΟΘΕΑ
07/06,ΣΕΒΑΣΤΗ
07/06,ΣΕΒΑΣΤΙΝΑ
07/06,ΣΕΒΑΣΤΙΑΝΑ
07/06,ΣΕΒΑΣΤΙΑΝΗ
07/06,ΣΕΒΑΣΤΟΥΛΑ
07/06,ΣΕΜΙΝΑ
07/06,ΣΥΝΑΞΑΡΙΣΤΗΣ
07/06,ΤΕΡΕΖΑ
07/06,ΤΕΡΨΙΘΕΑ
07/06,ΤΙΜΟΛΕΩΝ
07/06,ΥΒΟΝΝΗ
07/06,ΦΑΙΔΩΝ
07/06,ΦΑΙΔΩΝΑΣ
07/06,ΦΕΙΔΙΑΣ
07/06,ΦΙΛΟΙ
07/06,ΦΡΑΓΚΙΣΚΟΣ
07/06,ΦΡΑΤΖΕΣΚΑ
08/06,ΚΑΛΙΑ
08/06,ΚΑΛΛΙΟΠΗ
08/06,ΚΑΛΛΙΟΠΙΑ
08/06,ΝΑΥΚΡΑΤΗΣ
08/06,ΝΑΥΚΡΑΤΙΟΣ
08/06,ΠΙΤΣΑ
08/06,ΠΟΠΗ
09/06,ΡΟΔΑΝΘΗ
09/06,ΡΟΖΑΝΘΗ
11/06,ΒΑΡΘΟΛΟΜΑΙΟΣ
11/06,ΒΑΡΝΑΒΑΣ
11/06,ΖΑΦΕΙΡΗΣ
11/06,ΖΑΦΕΙΡΙΟΣ
11/06,ΖΑΦΕΙΡΩ
11/06,ΖΑΦΕΙΡΙΑ
12/06,ΟΝΟΥΦΡΗΣ
12/06,ΟΝΟΥΦΡΙΟΣ
12/06,ΟΝΟΥΦΡΙΑ
13/06,ΤΡΙΦΥΛΙΟΣ
13/06,ΤΡΙΦΥΛΛΙΟΣ
14/06,ΕΛΙΣΏ
14/06,ΕΛΙΣΣΏ
14/06,ΕΛΙΣΣΑΙΟΣ
14/06,ΝΗΦΩΝ
15/06,ΑΥΓΟΥΣΤΟΣ
15/06,ΑΥΓΟΥΣΤΑ
15/06,ΑΥΓΟΥΣΤΙΝΑ
15/06,ΑΥΓΟΥΣΤΙΝΟΣ
15/06,ΒΙΤΩΝ
15/06,ΓΕΡΏΝΥΜΟΣ
15/06,ΙΕΡΏΝΥΜΟΣ
15/06,ΙΕΡΟΝΥΜΗ
15/06,ΜΟΝΑ
15/06,ΜΟΝΙΚΑ
15/06,ΟΡΤΙΣΗΣ
15/06,ΟΡΤΙΣΙΑ
15/06,ΟΡΤΙΣΙΟΣ
15/06,ΟΡΤΑΝΣΙΑ
16/06,ΜΝΗΜΟΝΙΟΣ
16/06,ΤΙΧΩΝ
16/06,ΤΥΧΩΝ
17/06,ΙΣΜΑΗΛ
17/06,ΙΣΜΑΗΛΗΣ
17/06,ΙΣΜΑΗΛΟΣ
17/06,ΜΑΗΛΗΣ
17/06,ΜΑΗΛΟΣ
17/06,ΣΜΑΗΛΗΣ
17/06,ΣΜΑΗΛΟΣ
17/06,ΦΗΛΙΞ
17/06,ΦΙΛΗΚΑΣ
17/06,ΦΙΛΗΞ
17/06,ΦΙΛΗΞΑ
17/06,ΦΙΛΙΞ
17/06,ΦΗΛΙΚΙΤΗ
17/06,ΦΙΛΗΚΗ
18/06,ΕΡΑΣΜΟΣ
18/06,ΑΛΕΝΑ
18/06,ΑΛΙΝΑ
18/06,ΛΕΟΝΤΙΟΣ
18/06,ΛΕΟΝΤΙΑ
18/06,ΛΕΟΝΤΙΝΑ
18/06,ΛΕΟΝΤΙΤΣΑ
19/06,ΖΗΣΗΣ
19/06,ΖΗΣΙΜΟΣ
19/06,ΖΏΣΑ
19/06,ΖΏΣΗΣ
19/06,ΖΏΣΙΜΟΣ
19/06,ΖΩΣΙΜΑΙΑ
19/06,ΖΩΣΙΜΑΙΟΣ
19/06,ΠΑΪ́ΣΗΣ
19/06,ΠΑΪ́ΣΙΟΣ
19/06,ΠΑΪΣΙΑ
20/06,ΕΚΤΟΡΑΣ
21/06,ΑΦΡΟΔΙΣΙΟΣ
21/06,ΑΦΡΟΔΙΣΙΑ
22/06,ΖΕΝΑ
22/06,ΖΕΝΑΣ
22/06,ΖΕΝΙΑ
22/06,ΖΕΝΟΣ
22/06,ΖΗΝΑ
22/06,ΖΗΝΑΣ
23/06,ΑΓΡΙΠΠΙΝΑ
23/06,ΑΡΙΣΤΟΚΛΕΟΣ
23/06,ΑΡΙΣΤΟΚΛΕΑΣ
23/06,ΑΡΙΣΤΟΚΛΗΣ
23/06,ΛΟΥΛΑ
23/06,ΛΟΥΛΗΣ
23/06,ΛΟΥΛΟΥ
24/06,ΕΡΙΚ
24/06,ΕΡΡΙΚΟΣ
25/06,ΕΡΩΣ
25/06,ΕΡΩΤΑΣ
25/06,ΛΙΒΑΣ
25/06,ΛΙΒΙΟΣ
25/06,ΛΙΒΥΗ
25/06,ΦΕΒΡΑ
25/06,ΦΕΒΡΩ
25/06,ΦΕΥΡΑ
25/06,ΦΕΥΡΩ
25/06,ΦΕΒΡΟΥΛΑ
25/06,ΦΕΒΡΩΝΙΑ
25/06,ΦΕΒΡΩΝΙΤΣΑ
25/06,ΦΕΥΡΟΥΛΑ
25/06,ΦΕΥΡΩΝΙΑ
25/06,ΦΕΥΡΩΝΙΤΣΑ
27/06,ΠΙΕΡΑ
27/06,ΠΙΕΡΗΣ
27/06,ΠΙΕΡΙΟΣ
27/06,ΠΙΕΡΟΣ
27/06,ΠΙΕΡΗΣ
27/06,ΠΙΕΡΙΑ
27/06,ΠΙΕΡΙΩΝ
27/06,ΣΑΜΨΏΝ
28/06,ΑΝΑΡΓΥΡΗ
28/06,ΑΝΑΡΓΥΡΟΣ
28/06,ΑΝΑΡΓΥΡΟΥΛΑ
28/06,ΓΕΡΜΑΝΟΣ
29/06,ΠΑΟΛΑ
29/06,ΠΕΤΡΑ
29/06,ΠΕΤΡΟΣ
29/06,ΠΏΛ
29/06,ΠΑΥΛΙΑΝΗ
29/06,ΠΑΥΛΟΣ
29/06,ΠΑΥΛΙΝΑ
29/06,ΠΕΤΡΑΚΗΣ
29/06,ΠΕΤΡΑΣ
29/06,ΠΕΤΡΗΣ
29/06,ΠΕΤΡΙΑ
29/06,ΠΕΤΡΙΝΑ
29/06,ΠΕΤΡΙΝΟΣ
29/06,ΠΕΤΡΟΥΛΑ
29/06,ΠΕΤΡΟΥΛΑΣ
29/06,ΠΩΛΙΝΑ
30/06,ΑΠΟΣΤΟΛΟΣ
30/06,ΑΠΟΣΤΟΛΗΣ
30/06,ΑΠΟΣΤΟΛΙΑ
30/06,ΑΠΟΣΤΟΛΙΝΑ
30/06,ΓΕΡΒΑΣΙΟΣ
30/06,ΓΕΡΒΑΣΙΑ
30/06,ΛΙΑ
30/06,ΛΙΝΑ
30/06,ΜΕΛΙΤΗΣ
30/06,ΜΕΛΙΤΟΣ
30/06,ΜΕΛΙΤΩΝ
30/06,ΜΕΛΙΤΩΝΑΣ
30/06,ΠΟΛΙΝΑ
30/06,ΤΟΛΗΣ
01/07,ΔΑΜΙΑΝΗ
01/07,ΔΑΜΙΑΝΟΣ
01/07,ΚΟΣΜΑΣ
01/07,ΜΑΥΡΙΚΑ
01/07,ΜΑΥΡΙΚΗΣ
01/07,ΜΑΥΡΙΚΙΟΣ
01/07,ΜΑΥΡΙΚΙΑ
01/07,ΜΩΡΙΣ
02/07,ΓΙΟΥΒΕΝΑΛΗΣ
02/07,ΙΟΥΒΕΝΑΛΗΣ
02/07,ΙΟΥΒΕΝΑΛΙΟΣ
02/07,ΙΟΥΒΕΝΑΛΙΑ
03/07,ΑΝΑΤΟΛΙΟΣ
03/07,ΑΡΓΙΕΣ
03/07,ΖΟΥΜΠΟΥΛΙΑ
03/07,ΙΑΝΘΗ
03/07,ΥΑΚΙΝΘΟΣ
03/07,ΥΑΝΘΗ
03/07,ΥΑΚΙΝΘΗ
05/07,ΛΑΜΠΑΔΗ
05/07,ΛΑΜΠΑΔΙΑ
05/07,ΛΑΜΠΑΔΙΝΑ
05/07,ΛΑΜΠΑΔΟΣ
06/07,ΛΥΚΙΟΣ
06/07,ΛΥΚΙΑ
06/07,ΛΥΚΙΑΣ
06/07,ΣΑΤΟΣ
06/07,ΣΑΤΥΡΟΣ
06/07,ΣΙΣΏΗΣ
07/07,ΚΙΚΑ
07/07,ΚΙΤΣΑ
07/07,ΚΙΚΗ
07/07,ΚΙΚΙΤΣΑ
07/07,ΚΟΥΛΑ
07/07,ΚΟΡΙΝΑ
07/07,ΚΥΡΙΑΚΗ
07/07,ΚΥΡΙΑΚΙΤΣΑ
07/07,ΝΤΟΜΕΝΙΚΑ
07/07,ΟΔΥΣΣΕΑΣ
07/07,ΣΑΝΤΥ
08/07,ΘΕΟΦΙΛΟΣ
08/07,ΘΕΟΦΙΛΗ
08/07,ΘΕΟΦΙΛΙΤΣΑ
08/07,ΠΡΟΚΟΠΗΣ
08/07,ΠΡΟΚΟΠΙΟΣ
08/07,ΠΡΟΚΟΠΙΑ
08/07,ΦΙΛΙΑ
08/07,ΦΙΛΙΤΣΑ
10/07,ΑΜΑΛΙΑ
10/07,ΑΜΕΛΙ
11/07,ΟΛΓΑ
11/07,ΕΥΦΗ
11/07,ΕΥΦΗΜΗ
11/07,ΕΥΦΗΜΟΣ
11/07,ΕΥΦΗΜΙΑ
11/07,ΕΥΦΗΜΟΥΛΑ
11/07,ΕΥΦΟΥΛΑ
11/07,ΦΟΥΛΑ
12/07,ΒΕΡΑ
12/07,ΒΕΡΟΝΙΚΑ
12/07,ΒΕΡΕΝΙΚΗ
12/07,ΒΕΡΟΝΙΚΗ
13/07,ΗΛΙΟΦΩΤΟΣ
13/07,ΣΑΡΑ
13/07,ΣΑΡΡΑ
14/07,ΑΚΥΛΑΣ
14/07,ΝΙΚΟΔΗΜΟΣ
15/07,ΒΛΑΔΙΜΗΡΟΣ
15/07,ΒΛΑΝΤΙΜΗΡΟΣ
15/07,ΓΙΟΥΛΙΤΑ
15/07,ΓΙΟΥΛΙΤΗ
15/07,ΙΟΥΛΙΤΑ
15/07,ΙΟΥΛΙΤΗ
15/07,ΙΟΥΛΙΤΤΑ
15/07,ΙΟΥΛΙΤΤΗ
15/07,ΚΗΡΥΚΟΣ
17/07,ΑΛΙΚΗ
17/07,ΜΑΡΙΝΑ
18/07,ΕΜΜΥ
18/07,ΑΙΜΙΛΙΑΝΗ
18/07,ΑΙΜΙΛΙΑΝΟΣ
19/07,ΓΑΡΙΦΑΛΙΑ
19/07,ΓΑΡΥΦΑΛΛΙΑ
19/07,ΔΙΑΣ
19/07,ΔΙΟΣ
19/07,ΜΑΚΡΙΝΑ
20/07,ΗΛΙΑ
20/07,ΗΛΙΑΣ
20/07,ΛΙΑΣ
20/07,ΛΙΑΚΟΣ
20/07,ΛΙΑΚΟΥΡΑΣ
22/07,ΜΑΓΔΑ
22/07,ΜΑΓΔΑΛΩ
22/07,ΜΑΓΔΑΛΕΝΑ
22/07,ΜΑΓΔΑΛΕΝΙΑ
22/07,ΜΑΓΔΑΛΗ
22/07,ΜΑΓΔΑΛΗΝΗ
22/07,ΜΑΓΔΟΥΛΑ
22/07,ΜΑΡΙΑΕΛΕΝΗ
22/07,ΜΑΡΙΑΛΕΝΑ
22/07,ΜΑΡΚΕΛΑ
22/07,ΜΑΡΚΕΛΛΑ
22/07,ΜΑΡΚΕΛΗ
22/07,ΜΑΡΚΕΛΛΗ
22/07,ΜΕΝΕΛΑΟΣ
24/07,ΑΘΗΝΑΓΟΡΑΣ
24/07,ΚΡΙΣΤΑ
24/07,ΚΡΙΣΤΗ
24/07,ΚΡΙΣΤΙΑΝΑ
24/07,ΧΡΙΣΤΑ
24/07,ΧΡΙΣΤΗ
24/07,ΧΡΙΣΤΙΝΑ
24/07,ΧΡΙΣΤΙΑΝΑ
24/07,ΧΡΙΣΤΙΝΑΚΙ
25/07,ΑΝΝΑ
25/07,ΑΝΝΑ-ΜΑΡΙΑ
25/07,ΑΝΝΑΜΑΡΙΑ
25/07,ΑΝΝΗ
25/07,ΑΝΕΖΑ
25/07,ΑΝΝΕΤΑ
25/07,ΑΝΝΙΤΑ
25/07,ΑΝΝΑΜΑΡΙΑ
25/07,ΑΝΝΑΜΠΕΛΛΑ
25/07,ΕΥΠΡΑΞΟΣ
25/07,ΕΥΠΡΑΞΙΟΣ
25/07,ΕΥΠΡΑΞΙΑ
25/07,ΕΥΠΡΑΞΟΥΛΑ
25/07,ΠΡΑΞΟΥΛΑ
26/07,ΕΡΣΗ
26/07,ΒΕΤΗ
26/07,ΒΕΤΤΗ
26/07,ΒΟΥΛΑ
26/07,ΕΒΙΤΑ
26/07,ΕΡΜΟΛΑΟΣ
26/07,ΕΡΜΟΛΙΑ
26/07,ΖΕΛΙΑ
26/07,ΖΗΛΗ
26/07,ΖΗΛΙΑ
26/07,ΠΑΡΑΣΚΕΥΑΣ
26/07,ΠΑΡΑΣΚΕΥΗ
26/07,ΠΑΡΑΣΚΕΥΟΥΛΑ
26/07,ΩΡΑΙΟΖΗΛΗ
26/07,ΩΡΑΙΟΖΗΛΙΑ
27/07,ΠΑΝΤΕΛΟΣ
27/07,ΠΑΝΤΕΛΑΚΗΣ
27/07,ΠΑΝΤΕΛΗΣ
27/07,ΠΑΝΤΕΛΙΝΑ
27/07,ΠΑΝΤΕΛΙΤΣΑ
27/07,ΠΑΝΤΕΛΕΗΜΟΝΑΣ
27/07,ΠΑΝΤΕΛΕΗΜΩΝ
27/07,ΠΑΝΤΕΛΕΗΜΩΝΑΣ
27/07,ΠΑΝΤΕΛΕΟΥΣΑ
28/07,ΑΥΞΕΝΤΗΣ
28/07,ΑΥΞΕΝΤΙΟΣ
28/07,ΑΥΞΕΝΤΙΑ
28/07,ΑΥΞΕΝΤΟΥΛΑ
28/07,ΒΑΛΑΝΤΑ
28/07,ΒΑΛΑΝΤΗΣ
28/07,ΒΑΛΑΝΤΟΣ
28/07,ΒΑΛΑΝΤΩ
28/07,ΤΙΜΩΝ
28/07,ΤΙΜΟΝΑ
28/07,ΤΙΜΟΝΗ
28/07,ΧΡΥΣΟΒΑΛΑΝΤΗΣ
28/07,ΧΡΥΣΟΒΑΛΑΝΤΟΣ
28/07,ΧΡΥΣΟΒΑΛΑΝΤΟΥ
28/07,ΧΡΥΣΟΒΑΛΑΝΤΩ
28/07,ΧΡΥΣΟΒΑΛΑΝΤΙΑ
29/07,ΘΕΟΔΟΤΟΣ
29/07,ΘΕΟΔΟΤΗ
29/07,ΘΕΟΔΟΤΗΣ
29/07,ΚΑΛΛΙΝΙΚΟΣ
29/07,ΚΑΛΛΙΝΙΚΗΣ
30/07,ΕΠΑΙΝΕΤΗ
30/07,ΕΠΑΙΝΕΤΟΣ
30/07,ΣΙΛΟΥΑΝΑ
30/07,ΣΙΛΟΥΑΝΙΑ
30/07,ΣΙΛΟΥΑΝΗ
30/07,ΣΙΛΟΥΑΝΟΣ
31/07,ΕΥΔΟΚΙΜΗ
31/07,ΕΥΔΟΚΙΜΟΣ
31/07,ΖΟΖΕΦΙΝΑ
31/07,ΙΩΣΗΦ
31/07,ΙΩΣΗΦΙΝΑ
31/07,ΣΗΦΗΣ
31/07,ΤΖΕΣΙΚΑ
31/07,ΤΖΕΣΣΙΚΑ
31/07,ΦΡΕΙΔΕΡΙΚΗ
31/07,ΦΡΕΙΔΕΡΙΚΟΣ
01/08,ΕΥΚΛΕΟΣ
01/08,ΕΛΕΣΑ
01/08,ΕΛΕΣΣΑ
01/08,ΕΥΚΛΕΑ
01/08,ΕΥΚΛΕΗ
01/08,ΚΑΣΣΑΝΔΡΑ
01/08,ΣΟΛΟΜΟΝΗ
02/08,ΙΟΥΣΤΙΝΙΑΝΟΣ
03/08,ΟΛΥΜΠΙΟΣ
03/08,ΣΑΛΏΜΑ
03/08,ΣΑΛΏΜΗ
04/08,ΕΞΑΚΟΥΣΤΟΣ
04/08,ΕΞΑΚΟΥΣΤΟΔΙΑΝΟΣ
04/08,ΕΞΑΚΟΥΣΤΩΔΙΑΝΟΣ
04/08,ΜΑΞΙΜΙΛΙΑΝΟΣ
04/08,ΞΑΚΟΥΣΤΗ
04/08,ΞΑΚΟΥΣΤΟΣ
05/08,ΝΟΝΑ
05/08,ΝΟΝΝΑ
06/08,ΕΥΜΟΡΦΙΑ
06/08,ΜΟΡΦΟΥΛΑ
06/08,ΣΏΤΗΣ
06/08,ΣΏΤΟΣ
06/08,ΣΩΤΗΡΗΣ
06/08,ΣΩΤΗΡΙΟΣ
06/08,ΣΩΤΗΡΩ
06/08,ΣΩΤΙΑ
06/08,ΣΩΤΗΡΙΑ
07/08,ΑΣΤΕΡΗΣ
07/08,ΑΣΤΕΡΙΟΣ
07/08,ΑΣΤΕΡΩ
07/08,ΑΣΤΕΡΙΑ
07/08,ΑΣΤΕΡΙΝΗ
07/08,ΑΣΤΕΡΙΝΟΣ
07/08,ΑΣΤΡΙΝΗ
07/08,ΑΣΤΡΙΝΟΣ
07/08,ΑΣΤΡΟΥΛΑ
07/08,ΝΙΚΑΝΟΡΑΣ
07/08,ΝΙΚΑΝΩΡ
08/08,ΜΙΡΚΑ
08/08,ΜΥΡΑ
08/08,ΜΥΡΩΝ
08/08,ΜΥΡΩΝΑΣ
08/08,ΡΟΖΑ
08/08,ΤΡΙΑΝΤΑΦΥΛΛΟΣ
08/08,ΤΡΙΑΝΤΑΦΥΛΛΗΣ
08/08,ΤΡΙΑΝΤΑΦΥΛΛΕΝΙΑ
08/08,ΤΡΙΑΝΤΑΦΥΛΛΕΝΙΟΣ
08/08,ΤΡΙΑΝΤΑΦΥΛΛΙΑ
08/08,ΦΥΛΛΗ
08/08,ΦΥΛΛΗΣ
08/08,ΦΥΛΛΙΑ
08/08,ΦΥΛΛΙΟΣ
08/08,ΦΥΛΛΙΤΣΑ
08/08,ΦΥΛΛΙΏ
10/08,ΗΡΩΝ
10/08,ΗΡΏ
10/08,ΗΡΩΝΙΑ
10/08,ΙΠΠΟΛΥΤΟΣ
10/08,ΙΠΠΟΛΥΤΑ
10/08,ΙΠΠΟΛΥΤΗ
10/08,ΛΑΟΥΡΑ
10/08,ΛΏΡΑ
10/08,ΛΑΥΡΕΝΤΗΣ
10/08,ΛΑΥΡΕΝΤΙΟΣ
10/08,ΛΑΥΡΕΝΤΙΑ
10/08,ΛΑΥΡΕΝΤΙΝΑ
10/08,ΛΩΡΑΙΝΗ
10/08,ΠΟΛΥ
11/08,ΕΥΠΛΟΟΣ
11/08,ΕΥΠΛΟΣ
11/08,ΕΥΠΛΟΥΣ
15/08,ΓΕΣΘΗΜΑΝΗ
15/08,ΓΙΏΤΑ
15/08,ΓΙΏΤΗΣ
15/08,ΔΕΣΠΟΙΝΑ
15/08,ΔΕΣΠΩ
15/08,ΕΛΟΝΑ
15/08,ΕΛΏΝΑ
15/08,ΕΛΕΟΥΣΑ
15/08,ΕΛΛΏΝΑ
15/08,ΖΕΠΩ
15/08,ΗΛΙΟΣΤΑΛΑΚΤΗ
15/08,ΘΕΟΤΟΚΗΣ
15/08,ΘΕΟΤΟΚΙΑ
15/08,ΙΕΣΘΗΜΑΝΗ
15/08,ΚΑΘΟΛΙΚΗ
15/08,ΚΡΟΥΣΤΑΛΛΩ
15/08,ΚΡΟΥΣΤΑΛΩ
15/08,ΚΡΟΥΣΤΑΛΕΝΙΑ
15/08,ΚΡΥΣΤΑΛΛΩ
15/08,ΚΡΥΣΤΑΛΙΑ
15/08,ΚΡΥΣΤΑΛΛΙΑ
15/08,ΛΟΥΣΗ
15/08,ΜΑΝΙΑ
15/08,ΜΑΡΑ
15/08,ΜΑΡΩ
15/08,ΜΑΙΡΗ
15/08,ΜΑΝΙΏ
15/08,ΜΑΡΙΑ
15/08,ΜΑΡΙΚΑ
15/08,ΜΑΡΙΤΣΑ
15/08,ΜΑΡΓΕΤΑ
15/08,ΜΑΡΓΕΤΙΝΑ
15/08,ΜΑΡΙΑΝΤΖΕΛΑ
15/08,ΜΑΡΙΕΤΤΑ
15/08,ΜΑΡΙΓΏ
15/08,ΜΑΡΙΓΟΥΛΑ
15/08,ΜΑΡΙΝΕΛΑ
15/08,ΜΑΡΙΝΙΚΗ
15/08,ΜΑΡΙΩΡΗ
15/08,ΜΥΡΕΛΛΑ
15/08,ΝΑΓΙΑ
15/08,ΝΤΕΠΗ
15/08,ΠΑΝΟΣ
15/08,ΠΕΝΥ
15/08,ΠΕΠΗ
15/08,ΠΑΓΚ. ΗΜΕΡΕΣ
15/08,ΠΑΝΙΚΟΣ
15/08,ΠΑΝΑΓΙΏΤΑ
15/08,ΠΑΝΑΓΙΏΤΗΣ
15/08,ΠΑΝΑΓΙΟΥΛΑ
15/08,ΠΑΝΑΓΟΥΛΑ
15/08,ΠΑΝΟΥΣΟΣ
15/08,ΠΑΝΥΧΡΟΥΛΑ
15/08,ΣΙΜΕΛΑ
15/08,ΣΟΥΜΕΛΑ
15/08,ΣΥΜΕΛΑ
15/08,ΤΑΚΗΣ
16/08,ΑΛΚΗΣ
16/08,ΑΛΤΣΟΣ
16/08,ΑΛΚΙΒΙΑΔΗΣ
16/08,ΔΙΟΜΗΔΗΣ
17/08,ΛΕΥΚΟΘΕΑ
17/08,ΛΕΥΚΟΘΕΗ
17/08,ΣΤΡΑΤΑ
17/08,ΣΤΡΑΤΗΣ
17/08,ΣΤΡΑΤΟΣ
17/08,ΣΤΡΑΤΩΝ
17/08,ΣΤΡΑΤΙΑ
17/08,ΣΤΡΑΤΙΝΑ
17/08,ΣΤΡΑΤΟΥΛΑ
18/08,ΛΑΟΥΡΟΣ
18/08,ΛΑΥΡΑ
18/08,ΛΑΥΡΗΣ
18/08,ΛΑΥΡΟΣ
18/08,ΦΛΏΡΑ
18/08,ΦΛΏΡΗΣ
18/08,ΦΛΏΡΟΣ
18/08,ΦΛΩΡΗ
18/08,ΦΛΩΡΙΤΣΑ
20/08,ΕΛΝΤΑ
20/08,ΕΛΕΟΔΏΡΑ
20/08,ΗΛΙΟΔΩΡΟΣ
20/08,ΗΛΙΟΔΏΡΑ
20/08,ΘΕΟΧΑΡΗΣ
20/08,ΘΕΟΧΑΡΟΥΛΑ
20/08,ΟΡΕΣΤΗΣ
20/08,ΟΡΕΣΤΙΑ
20/08,ΟΡΕΣΤΙΑΔΑ
20/08,ΟΡΕΣΤΙΑΣ
20/08,ΣΑΜΑΝΘΑ
20/08,ΣΑΜΟΥΕΛΑ
20/08,ΣΑΜΟΥΕΛΟΣ
20/08,ΣΑΜΟΥΗΛ
20/08,ΣΑΜΟΥΗΛΑ
20/08,ΣΑΜΟΥΗΛΗΣ
20/08,ΣΑΜΟΥΗΛΟΣ
20/08,ΣΑΜΟΥΗΛΙΑ
22/08,ΑΓΑΘΟΝΙΚΟΣ
22/08,ΘΕΟΠΡΕΠΙΟΣ
22/08,ΘΕΟΠΡΕΠΗ
22/08,ΘΕΟΠΡΕΠΗΣ
22/08,ΘΕΟΠΡΕΠΙΑ
24/08,ΑΙΤΩΛΙΑ
26/08,ΑΔΡΙΑΝΗ
26/08,ΑΔΡΙΑΝΟΣ
26/08,ΑΝΔΡΙΑΝΑ
26/08,ΑΝΔΡΙΑΝΝΗ
26/08,ΑΝΤΡΙΑΝΑ
26/08,ΝΑΤΑΛΙ
26/08,ΝΑΤΑΛΗ
26/08,ΝΑΤΑΛΙΑ
26/08,ΝΑΤΑΛΙΝΑ
27/08,ΟΣΙΟΣ
27/08,ΑΡΚΑΔΑ
27/08,ΑΡΚΑΔΗΣ
27/08,ΑΡΚΑΔΙΟΣ
27/08,ΑΡΚΑΔΙΑ
27/08,ΛΙΒΕΡΗΣ
27/08,ΛΙΒΕΡΙΟΣ
27/08,ΛΙΜΠΕΡΗΣ
27/08,ΛΙΜΠΕΡΙΟΣ
27/08,ΛΥΜΠΕΡΗΣ
27/08,ΝΟΥΡΗΣ
27/08,ΟΣΙΑ
27/08,ΦΑΝΟΥΡΗΣ
27/08,ΦΑΝΟΥΡΙΟΣ
27/08,ΦΑΝΟΥΡΙΑ
28/08,ΔΑΜΩΝ
28/08,ΔΑΜΩΝΑΣ
30/08,ΑΛΕΞ
30/08,ΑΛΕΞΑΝΔΡΟΣ
30/08,ΑΛΕΞΟ
30/08,ΑΛΕΞΑΝΤΡΑ
30/08,ΕΥΛΑΛΙΟΣ
30/08,ΕΥΛΑΛΙΑ
30/08,ΦΥΛΑΚΑΣ
01/09,ΑΝΤΑ
01/09,ΑΔΑΜΑΣ
01/09,ΑΔΑΜΟΣ
01/09,ΑΔΑΜΑΝΤΙΟΣ
01/09,ΑΔΑΜΑΝΤΙΑ
01/09,ΑΘΗΝΑ
01/09,ΑΚΡΙΒΗ
01/09,ΑΜΑΝΤΑ
01/09,ΑΝΤΙΓΟΝΗ
01/09,ΑΡΓΙΕΣ
01/09,ΑΣΠΑΣΙΑ
01/09,ΑΦΡΟΔΙΤΗ
01/09,ΓΟΝΗ
01/09,ΔΙΟΝΗ
01/09,ΔΙΏΝΗ
01/09,ΔΙΑΜΑΝΤΩ
01/09,ΔΙΑΜΑΝΤΗΣ
01/09,ΔΩΔΏΝΗ
01/09,ΕΛΠΙΝΙΚΗ
01/09,ΕΡΑΣΜΙΑ
01/09,ΕΡΑΤΏ
01/09,ΕΥΤΕΡΠΗ
01/09,ΘΕΑΝΏ
01/09,ΘΕΟΝΥΜΦΗ
01/09,ΙΗΣΟΥΣ
01/09,ΙΣΜΗΝΗ
01/09,ΚΑΛΛΙΣΤΗ
01/09,ΚΑΛΛΙΡΟΗ
01/09,ΚΑΛΛΙΡΡΟΗ
01/09,ΚΛΕΙΏ
01/09,ΚΛΕΟΠΑΤΡΑ
01/09,ΚΟΡΑΛΙΑ
01/09,ΜΕΛΠΩ
01/09,ΜΟΣΧΩ
01/09,ΜΑΝΤΏ
01/09,ΜΑΡΙΑΝΘΗ
01/09,ΜΕΛΠΟΜΕΝΗ
01/09,ΜΟΣΧΟΥΛΑ
01/09,ΜΠΗΛΙΏ
01/09,ΠΑΝΔΏΡΑ
01/09,ΠΕΡΙΣΣΟΤΕΡΑ
01/09,ΠΗΝΕΛΟΠΗ
01/09,ΠΟΛΥΜΝΙΑ
01/09,ΠΟΛΥΝΑ
01/09,ΠΟΛΥΝΙΚΗ
01/09,ΠΟΛΥΤΙΜΗ
01/09,ΡΑΛΛΗΣ
01/09,ΡΑΛΙΑ
01/09,ΡΑΛΛΙΑ
01/09,ΡΑΛΛΟΥ
01/09,ΡΑΛΟΥ
01/09,ΡΟΥΜΠΙΝΗ
01/09,ΣΑΠΦΏ
01/09,ΤΕΤΗ
01/09,ΤΕΡΨΙΧΟΡΗ
01/09,ΦΡΕΓΙΑ
01/09,ΧΑΙΔΩ
01/09,ΧΑΪΔΕΥΤΟΣ
02/09,ΜΑΜΑ
02/09,ΜΑΜΑΝΤΑΣ
02/09,ΜΑΜΑΣ
03/09,ΑΝΘΙΜΗ
03/09,ΑΝΘΙΜΟΣ
03/09,ΑΡΙΣΤΗ
03/09,ΑΡΙΣΤΕΑ
03/09,ΑΡΙΣΤΕΑΣ
03/09,ΑΡΙΣΤΙΩΝ
03/09,ΑΡΙΣΤΙΩΝΑΣ
03/09,ΠΟΛΑ
03/09,ΠΟΛΗ
03/09,ΠΟΛΗΣ
03/09,ΠΟΛΥΔΩΡΑΣ
03/09,ΠΟΛΥΔΩΡΟΣ
03/09,ΠΟΛΥΔΏΡΑ
03/09,ΠΟΛΥΔΏΡΗ
03/09,ΠΟΛΥΔΏΡΗΣ
03/09,ΦΟΙΒΗ
03/09,ΦΟΙΒΟΣ
04/09,ΕΡΜΙΝΑ
04/09,ΕΡΜΙΟΝΗ
04/09,ΕΥΧΕΣ
04/09,ΜΩΣΗΣ
04/09,ΜΩΣΙΑ
04/09,ΜΩΥΣΗΣ
04/09,ΜΩΥΣΙΑ
04/09,ΡΟΖΥ
04/09,ΡΟΖΑΛΙΑ
04/09,ΩΚΕΑΝΗΣ
04/09,ΩΚΕΑΝΙΟΣ
04/09,ΩΚΕΑΝΗ
04/09,ΩΚΕΑΝΙΑ
04/09,ΩΚΕΑΝΙΣ
04/09,ΩΚΕΑΝΟΣ
06/09,ΒΙΒΟΣ
06/09,ΔΟΞΗΣ
06/09,ΕΥΔΟΞΗΣ
06/09,ΕΥΔΟΞΙΟΣ
06/09,ΛΙΓΕΡΗ
07/09,ΚΑΣΣΗΣ
07/09,ΚΑΣΣΥ
07/09,ΚΑΣΙΑ
07/09,ΚΑΣΙΑΝΗ
07/09,ΚΑΣΣΙΑΝΗ
07/09,ΣΏΖΑ
07/09,ΣΏΖΗ
07/09,ΣΏΖΗΣ
07/09,ΣΏΖΟΣ
07/09,ΣΏΖΩΝ
07/09,ΣΩΖΟΥΣΑ
08/09,ΓΕΝΕΘΛΙΟΣ
08/09,ΜΙΚΑ
08/09,ΣΚΙΑΔΕΝΗ
08/09,ΤΣΑΜΠΙΚΑ
08/09,ΤΣΑΜΠΙΚΟΣ
09/09,ΙΩΑΚΕΙΜ
09/09,ΙΩΑΚΕΙΜΑΚΗΣ
09/09,ΚΙΑΡΑ
09/09,ΚΙΑΡΑΝ
10/09,ΜΗΝΟΔΏΡΑ
10/09,ΜΗΤΡΟΔΏΡΑ
11/09,ΕΥΑΝΘΗΣ
11/09,ΕΥΑΝΘΙΑ
11/09,ΕΥΦΡΟΣΥΝΟΣ
11/09,ΦΡΟΣΥΝΟΣ
13/09,ΑΡΗΣ
13/09,ΑΡΙΣΤΟΣ
13/09,ΑΡΙΣΤΙΝΑ
13/09,ΑΡΙΣΤΕΙΔΗΣ
13/09,ΑΡΙΣΤΟΥΛΑ
13/09,ΚΟΡΝΗΛΑ
13/09,ΚΟΡΝΗΛΗΣ
13/09,ΚΟΡΝΗΛΙΟΣ
13/09,ΚΟΡΝΗΛΟΣ
13/09,ΚΟΡΝΗΛΙΑ
14/09,ΘΕΟΚΛΕΙΑ
14/09,ΘΕΟΚΛΕΑΣ
14/09,ΘΕΟΚΛΗΣ
14/09,ΣΤΑΥΡΑΚΑΣ
14/09,ΣΤΑΥΡΟΣ
14/09,ΣΤΑΥΡΑΚΗΣ
14/09,ΣΤΑΥΡΑΚΙΟΣ
14/09,ΣΤΑΥΡΗΣ
14/09,ΣΤΑΥΡΙΑ
14/09,ΣΤΑΥΡΙΝΑ
14/09,ΣΤΑΥΡΙΑΝΗ
14/09,ΣΤΑΥΡΙΑΝΟΣ
14/09,ΣΤΑΥΡΟΥΛΑ
15/09,ΒΗΣΣΑΡΗΣ
15/09,ΒΗΣΣΑΡΙΑ
15/09,ΒΗΣΣΑΡΙΩΝ
15/09,ΒΗΣΣΑΡΙΩΝΑΣ
15/09,ΝΙΚΗΤΑ
15/09,ΝΙΚΗΤΑΣ
15/09,ΝΙΚΗΤΗ
16/09,ΛΟΥΝΤΜΙΛΑ
16/09,ΛΟΥΝΤΜΙΛΛΑ
16/09,ΜΕΛΙΝΑ
16/09,ΜΕΛΙΤΑ
16/09,ΜΕΛΙΤΗ
16/09,ΜΕΛΙΤΙΝΑ
16/09,ΜΕΛΙΤΙΝΗ
16/09,ΜΕΛΙΤΙΝΟΣ
16/09,ΜΕΛΙΤΙΝΗ
17/09,ΑΓΑΠΗ
17/09,ΑΓΑΘΟΚΛΕΙΑ
17/09,ΑΓΑΘΟΚΛΕΑΣ
17/09,ΑΓΑΘΟΚΛΗΣ
17/09,ΕΛΠΙΔΑ
17/09,ΕΛΠΙΣ
17/09,ΠΙΣΤΗ
17/09,ΠΙΣΤΙΣ
17/09,ΠΑΝΤΟΛΕΟΝΤΑΣ
17/09,ΠΑΝΤΟΛΕΩΝ
17/09,ΠΑΝΤΟΛΕΟΝΤΗ
17/09,ΠΑΝΤΟΛΕΟΝΤΗΣ
17/09,ΠΑΝΤΟΛΕΟΝΤΙΑ
17/09,ΠΗΛΕΑΣ
17/09,ΠΗΛΕΥΣ
17/09,ΣΟΝΙΑ
17/09,ΣΟΦΗ
17/09,ΣΟΦΑΚΙ
17/09,ΣΟΦΙΑ
17/09,ΣΟΦΙΝΑ
17/09,ΣΟΦΙΤΣΑ
17/09,ΣΟΦΙΑΝΝΑ
17/09,ΣΟΦΙΑΝΗ
17/09,ΣΟΦΙΑΝΟΣ
17/09,ΣΟΦΟΥΛΑ
17/09,ΣΟΦΟΥΛΗΣ
17/09,ΦΙΦΗ
18/09,ΑΡΙΑΔΝΗ
18/09,ΑΡΙΑΝΑ
18/09,ΕΥΜΕΝΗΣ
18/09,ΕΥΜΕΝΙΟΣ
18/09,ΕΥΜΕΝΙΑ
18/09,ΚΑΣΤΟΡΑΣ
18/09,ΚΑΣΤΟΡΗΣ
18/09,ΚΑΣΤΩΡ
18/09,ΡΩΜΥΛΑ
18/09,ΡΩΜΥΛΗ
18/09,ΡΩΜΥΛΗΣ
18/09,ΡΩΜΥΛΙΟΣ
18/09,ΡΩΜΥΛΟΣ
18/09,ΡΩΜΥΛΙΑ
18/09,ΡΩΜΥΛΑΙΑ
19/09,ΣΑΒΒΑΤΟΣ
19/09,ΣΑΒΒΑΤΑ
19/09,ΣΑΒΒΑΤΗ
19/09,ΣΑΒΒΑΤΗΣ
19/09,ΣΑΒΒΑΤΙΟΣ
19/09,ΣΑΒΒΑΤΩ
19/09,ΣΑΒΒΑΤΙΑ
19/09,ΣΑΒΒΑΤΙΝΑ
20/09,ΕΥΣΤΑΘΙΟΣ
20/09,ΕΥΣΤΑΘΙΑ
20/09,ΕΥΣΤΑΘΟΥΛΑ
20/09,ΘΕΟΠΙΣΤΟΣ
20/09,ΘΕΟΠΙΣΤΗ
20/09,ΣΤΑΘΗΣ
20/09,ΣΤΑΘΑΚΟΣ
20/09,ΣΤΑΘΑΣ
20/09,ΣΤΑΘΙΑ
20/09,ΣΤΑΘΟΥΛΑ
21/09,ΙΩΝ
21/09,ΙΩΝΑΣ
21/09,ΙΩΝΑΣ
21/09,ΙΩΝΙΑ
22/09,ΖΩΓΡΑΦΙΑ
22/09,ΛΟΪ́ΖΟΣ
22/09,ΛΟΥΙΖΑ
22/09,ΦΏΚΗΣ
22/09,ΦΏΚΙΟΣ
22/09,ΦΩΚΑΣ
22/09,ΦΩΚΙΑ
22/09,ΦΩΚΙΝΑ
23/09,ΙΡΙΔΑ
23/09,ΙΡΙΣ
23/09,ΞΑΝΘΙΠΠΟΣ
23/09,ΞΑΝΘΙΠΠΗ
23/09,ΠΟΛΥΞΕΝΗ
23/09,ΡΑΪ́ΔΑ
23/09,ΡΑΪ́Σ
24/09,ΑΜΕΡΙΣΣΑ
24/09,ΑΜΕΡΣΑ
24/09,ΑΜΕΡΣΣΑ
24/09,ΑΜΕΡΙΣΟΥΔΑ
24/09,ΑΜΕΡΣΟΥΔΑ
24/09,ΘΕΚΛΑ
24/09,ΚΟΠΡΙΣ
24/09,ΚΟΠΡΟΣ
24/09,ΜΕΡΣΑ
24/09,ΜΥΡΤΑ
24/09,ΜΥΡΣΙΝΗ
24/09,ΜΥΡΣΏ
24/09,ΜΥΡΤΏ
24/09,ΜΥΡΤΙΔΙΏΤΙΣΣΑ
24/09,ΠΕΡΣΑ
24/09,ΠΕΡΣΗ
24/09,ΠΕΡΣΗΣ
24/09,ΠΕΡΣΕΦΟΝΗ
27/09,ΑΚΥΛΗΝΗ
27/09,ΑΚΥΛΙΝΑ
27/09,ΑΚΥΛΙΝΗ
27/09,ΕΠΙΧΑΡΙΣ
27/09,ΕΠΙΧΑΡΙΑ
27/09,ΚΑΛΛΙΣΤΡΑΤΟΣ
27/09,ΚΑΛΛΙΣΤΡΑΤΗ
27/09,ΚΑΛΛΙΣΤΡΑΤΗΣ
28/09,ΑΛΚΙΣΩΝ
28/09,ΧΑΡΙΤΟΣ
28/09,ΧΑΡΙΤΩΝ
28/09,ΧΑΡΙΤΩΝΑΣ
29/09,ΚΥΡΙΑΚΟΣ
30/09,ΣΤΡΑΤΗΣ
30/09,ΣΤΡΑΤΟΝΙΚΟΣ
30/09,ΣΤΡΑΤΟΝΙΚΗΣ
30/09,ΣΤΡΑΤΟΝΙΚΙΟΣ
01/10,ΑΝΑΝΙΑΣ
01/10,ΘΗΡΕΣΙΟΣ
01/10,ΘΗΡΕΣΙΑ
01/10,ΝΙΝΟΣ
01/10,ΡΩΜΑΝΑ
01/10,ΡΩΜΑΝΗ
01/10,ΡΩΜΑΝΟΣ
02/10,ΓΙΟΥΣΤΑ
02/10,ΓΙΟΥΣΤΙΝΑ
02/10,ΓΙΟΥΣΤΙΝΗ
02/10,ΙΟΥΣΤΑ
02/10,ΙΟΥΣΤΙΝΑ
02/10,ΙΟΥΣΤΙΝΗ
02/10,ΚΥΠΡΙΑΝΗ
02/10,ΚΥΠΡΙΑΝΟΣ
04/10,ΒΕΡΙΝΑ
04/10,ΒΕΡΙΝΗ
04/10,ΒΕΡΟΥΛΑ
04/10,ΒΕΡΟΥΛΗ
04/10,ΙΕΡΟΘΕΟΣ
04/10,ΚΑΛΛΙΣΘΕΝΗ
04/10,ΚΑΛΛΙΣΘΕΝΗΣ
05/10,ΕΡΜΟΓΕΝΗΣ
05/10,ΜΕΘΟΔΙΑ
05/10,ΧΑΡΙΤΗ
05/10,ΧΑΡΙΤΙΝΑ
05/10,ΧΑΡΙΤΙΝΗ
06/10,ΕΡΩΤΗΙΔΑ
06/10,ΕΡΩΤΗΙΣ
06/10,ΘΩΜΑΣ
06/10,ΤΟΜ
07/10,ΒΑΚΧΗ
07/10,ΒΑΚΧΟΣ
07/10,ΒΑΚΧΙΑ
09/10,ΑΒΡΑΑΜ
09/10,ΑΒΡΑΜΙΑ
09/10,ΛΟΤ
09/10,ΛΩΤ
10/10,ΕΥΛΑΜΠΗΣ
10/10,ΕΥΛΑΜΠΙΟΣ
10/10,ΕΥΛΑΜΠΗ
10/10,ΕΥΛΑΜΠΙΑ
10/10,ΛΑΜΠΙΑ
12/10,ΑΝΔΡΟΜΑΧΟΣ
12/10,ΑΝΔΡΟΜΑΧΗ
12/10,ΒΑΛΑΝΤΙΟΣ
12/10,ΜΑΧΗ
12/10,ΜΑΧΟΣ
12/10,ΜΑΧΟΥΛΑ
13/10,ΑΓΑΘΟΝΙΚΗ
13/10,ΝΤΙΑ
13/10,ΦΛΏΡΙΝΑ
13/10,ΦΛΟΡΕΝΤΣΟΣ
13/10,ΦΛΩΡΕΝΑ
13/10,ΦΛΩΡΕΝΣΑ
13/10,ΦΛΩΡΕΝΤΑ
13/10,ΦΛΩΡΕΝΤΖΑ
13/10,ΦΛΩΡΕΝΤΗΣ
13/10,ΦΛΩΡΕΝΤΙΟΣ
13/10,ΦΛΩΡΕΝΤΟΣ
13/10,ΦΛΩΡΕΝΤΙΑ
14/10,ΙΓΝΑΤΗΣ
14/10,ΙΓΝΑΤΙΟΣ
14/10,ΙΓΝΑΤΙΑ
14/10,ΝΑΖΑΡΙΟΣ
15/10,ΛΟΥΚΙΑΝΗ
15/10,ΛΟΥΚΙΑΝΟΣ
17/10,ΑΝΤΙΓΟΝΟΣ
17/10,ΕΥΠΡΕΠΕΙΟΣ
17/10,ΕΥΠΡΕΠΙΟΣ
17/10,ΕΥΠΡΕΠΗΣ
17/10,ΕΥΠΡΕΠΙΑ
20/10,ΑΡΤΕΜΙΣ
20/10,ΑΡΤΕΜΗ
20/10,ΑΡΤΕΜΗΣ
20/10,ΑΡΤΕΜΙΔΑ
20/10,ΑΡΤΕΜΙΟΣ
20/10,ΑΡΤΕΜΙΑ
20/10,ΑΡΤΕΜΙΣΙΑ
20/10,ΔΙΑΝΑ
20/10,ΕΝΟΗ
20/10,ΚΕΡΑΣΙΑ
20/10,ΚΕΡΑΣΙΑ
20/10,ΝΤΙΑΝΑ
21/10,ΕΥΚΡΑΤΟΣ
21/10,ΕΥΚΡΑΤΗΣ
21/10,ΕΥΚΡΑΤΑΣ
21/10,ΕΥΚΡΑΤΙΑ
21/10,ΕΥΚΡΑΤΟΥΛΑ
21/10,ΟΥΡΣΟΥΛΑ
21/10,ΟΡΣΑΛΙΑ
22/10,ΑΒΕΡΚΙΟΣ
22/10,ΑΒΕΡΚΙΑ
25/10,ΧΡΥΣΑΦΗΣ
25/10,ΧΡΥΣΑΦΙΟΣ
25/10,ΧΡΥΣΑΦΕΝΙΑ
26/10,ΓΛΥΚΩΝ
26/10,ΓΛΥΚΟΣ
26/10,ΔΗΜΗΤΡΑ
26/10,ΔΗΜΗΤΡΗΣ
26/10,ΔΗΜΗΤΡΙΟΣ
26/10,ΔΗΜΗΤΡΙΑ
26/10,ΔΗΜΗΤΡΟΣ
26/10,ΚΥΠΑΡΙΣΣΙΑ
26/10,ΛΕΠΤΙΝΟΣ
26/10,ΛΕΠΤΙΝΑ
26/10,ΛΟΥΠΠΗΣ
26/10,ΛΟΥΠΠΟΣ
26/10,ΜΗΤΡΟΣ
26/10,ΜΗΤΣΟΣ
26/10,ΜΙΜΗΣ
26/10,ΜΗΤΣΑΚΟΣ
26/10,ΜΙΜΗ
26/10,ΜΙΜΙΚΑ
26/10,ΝΤΕΜΗ
26/10,ΝΤΕΜΗΣ
26/10,ΝΤΙΜΗΣ
26/10,ΝΤΙΜΙ
26/10,ΠΑΡΕΣΙΑ
26/10,ΠΑΡΕΣΣΑ
26/10,ΠΑΡΕΣΙΝΑ
26/10,ΠΑΡΕΣΣΙΑ
26/10,ΤΖΙΜΗΣ
26/10,ΤΖΙΜΑΚΟΣ
27/10,ΝΕΣΤΟΡΑΣ
27/10,ΝΕΣΤΩΡ
27/10,ΝΕΣΤΟΡΙΑ
28/10,ΒΗΛΗ
28/10,ΒΙΛΙΑ
28/10,ΕΥΝΙΚΑ
28/10,ΕΥΝΙΚΗ
28/10,ΝΕΦΕΛΗ
29/10,ΝΑΝΑ
29/10,ΝΑΤΑΣΑ
29/10,ΣΙΑ
29/10,ΤΑΣΑ
29/10,ΤΕΣΑ
29/10,ΤΑΣΙΑ
29/10,ΤΑΤΙΑ
30/10,ΑΠΟΛΛΩΝΙΑ
30/10,ΖΗΝΟΣ
30/10,ΖΕΛΙΝΑ
30/10,ΖΗΝΟΒΙΟΣ
30/10,ΖΗΝΟΒΗΣ
30/10,ΖΗΝΟΒΙΑ
30/10,ΚΛΕΟΠΑΣ
30/10,ΚΛΕΟΠΙΟΣ
30/10,ΚΛΕΟΠΑΚΗΣ
30/10,ΚΛΕΟΠΙΑ
30/10,ΚΡΟΝΟΣ
30/10,ΚΡΟΝΙΑ
30/10,ΚΡΟΝΙΟΣ
30/10,ΚΡΟΝΙΩΝ
30/10,ΚΡΟΝΙΩΝΑΣ
30/10,ΜΑΡΚΙΝΟΣ
30/10,ΜΑΡΚΙΑΝΟΣ
30/10,ΠΑΚΗΣ
30/10,ΤΕΡΤΑ
30/10,ΤΕΡΤΗ
30/10,ΤΕΡΤΗΣ
30/10,ΤΕΡΤΙΑ
30/10,ΤΕΡΤΙΟΣ
30/10,ΤΕΡΤΟΣ
30/10,ΤΕΡΤΙΝΑ
30/10,ΤΕΡΤΙΝΟΣ
30/10,ΤΖΗΝΑ
30/10,ΤΖΗΝΟΣ
30/10,ΤΖΙΝΑ
31/10,ΑΜΠΛΙΑ
31/10,ΑΜΠΛΙΟΣ
31/10,ΑΠΕΛΛΗΣ
31/10,ΑΠΕΛΛΗΣ
31/10,ΑΡΙΣΤΟΒΟΥΛΟΣ
31/10,ΑΡΙΣΤΟΒΟΥΛΗ
31/10,ΝΑΡΚΙΣΟΣ
31/10,ΝΑΡΚΙΣΣΟΣ
31/10,ΣΤΡΑΤΗ
31/10,ΣΤΡΑΤΟΝΙΚΗ
01/11,ΔΑΒΙΔ
01/11,ΔΑΥΙΔ
01/11,ΔΙΟΝΥΣΟΣ
02/11,ΑΚΙΝΔΥΝΗ
02/11,ΑΚΙΝΔΥΝΟΣ
02/11,ΑΝΕΜΠΟΔΙΣΤΗ
02/11,ΑΝΕΜΠΟΔΙΣΤΟΣ
02/11,ΑΦΘΟΝΙΟΣ
02/11,ΑΦΘΟΝΙΑ
02/11,ΕΛΠΙΔΗΦΟΡΑ
02/11,ΕΛΠΙΔΗΦΟΡΟΣ
02/11,ΕΛΠΙΔΟΦΟΡΑ
02/11,ΕΛΠΙΔΟΦΟΡΟΣ
02/11,ΠΗΓΑΣΟΣ
02/11,ΠΗΓΑΣΙΟΣ
02/11,ΠΗΓΑΣΙΑ
04/11,ΕΡΜΑΙΑΣ
04/11,ΕΡΜΑΙΟΣ
04/11,ΙΩΑΝΙΚΙΟΣ
04/11,ΙΩΑΝΝΙΚΙΟΣ
05/11,ΓΑΛΑΤΗΣ
05/11,ΓΑΛΑΤΙΑ
05/11,ΓΑΛΑΤΙΟΣ
05/11,ΓΑΛΑΚΤΙΑ
05/11,ΓΑΛΑΚΤΙΩΝ
05/11,ΓΑΛΑΚΤΙΩΝΑΣ
05/11,ΓΑΛΑΤΕΙΑ
05/11,ΕΠΙΣΤΗΜΗ
05/11,ΛΙΝΟΣ
05/11,ΣΙΛΒΙΑ
05/11,ΣΙΛΒΑΝΑ
05/11,ΣΙΛΒΑΝΗ
05/11,ΣΙΛΒΑΝΟΣ
06/11,ΛΕΟΝΑΡΔΟΣ
07/11,ΑΘΗΝΟΔΩΡΑΣ
07/11,ΑΘΗΝΟΔΩΡΟΣ
07/11,ΑΘΗΝΟΔΏΡΑ
07/11,ΑΘΗΝΟΔΩΡΗΣ
07/11,ΔΏΡΗΣ
07/11,ΕΡΝΕΣΤΑ
07/11,ΕΡΝΕΣΤΟΣ
07/11,ΕΡΝΕΣΤΙΝΑ
07/11,ΕΡΝΕΣΤΙΝΗ
07/11,ΘΕΜΕΛΗΣ
07/11,ΘΕΜΟΣ
07/11,ΘΕΑΓΕΝΗΣ
07/11,ΘΕΑΓΕΝΙΟΣ
07/11,ΘΕΑΓΕΝΙΑ
07/11,ΘΕΑΓΕΝΕΙΑ
07/11,ΘΕΜΕΛΗ
07/11,ΘΕΜΕΛΙΟΣ
07/11,ΘΕΜΕΛΙΝΑ
08/11,ΑΡΑΒΕΛΑ
08/11,ΓΑΒΡΙΛΑ
08/11,ΓΑΒΡΙΛΗΣ
08/11,ΓΑΒΡΙΛΟΣ
08/11,ΓΑΒΡΙΕΛΑ
08/11,ΓΑΒΡΙΗΛ
08/11,ΓΑΒΡΙΗΛΙΤΣΑ
08/11,ΓΑΒΡΙΛΙΤΣΑ
08/11,ΜΕΤΑΞΕΝΙΑ
08/11,ΜΕΤΑΞΙΑ
08/11,ΜΕΤΑΞΟΥΛΑ
08/11,ΜΙΣΕΛ
08/11,ΜΙΧΑΛΗΣ
08/11,ΜΙΧΑΕΛΑ
08/11,ΜΙΧΑΗΛ
08/11,ΜΙΧΑΗΛΑ
08/11,ΜΙΧΑΛΙΤΣΑ
08/11,ΜΙΧΑΛΟΣ
08/11,ΜΙΧΕΛΗΣ
08/11,ΡΑΦΑΕΛΑ
08/11,ΡΑΦΑΕΛΛΑ
08/11,ΡΑΦΑΕΛΟΣ
08/11,ΡΑΦΑΗΛ
08/11,ΡΑΦΑΗΛΑ
08/11,ΡΑΦΑΗΛΟΣ
08/11,ΡΑΦΑΗΛΙΑ
08/11,ΣΤΡΑΤΗΓΟΣ
08/11,ΣΤΡΑΤΗΓΟΥΛΑ
08/11,ΣΥΝΑΞΑΡΙΣΤΗΣ
08/11,ΤΑΞΙΑΡΧΗΣ
08/11,ΤΑΞΙΑΡΧΟΥΛΑ
08/11,ΤΑΞΟΥΛΑ
09/11,ΕΛΛΑΔΗΣ
09/11,ΕΛΛΑΔΙΟΣ
09/11,ΘΕΟΚΤΙΣΤΗ
09/11,ΝΕΚΤΑΡΗΣ
09/11,ΝΕΚΤΑΡΙΟΣ
09/11,ΝΕΚΤΑΡΙΑ
09/11,ΝΕΚΤΑΡΙΝΑ
09/11,ΝΕΚΤΑΡΟΥΛΑ
10/11,ΕΡΑΣΤΗ
10/11,ΕΡΑΣΤΗ
10/11,ΕΡΑΣΤΟΣ
10/11,ΗΡΩΔΙΩΝ
10/11,ΗΡΩΔΙΑΔΑ
10/11,ΗΡΩΔΙΑΣ
10/11,ΗΡΩΔΙΑΝΟΣ
10/11,ΜΙΛΗΣ
10/11,ΜΙΛΟΣ
10/11,ΜΙΛΩΝ
10/11,ΡΟΔΙΟΣ
10/11,ΡΟΔΟΣ
10/11,ΡΟΔΗΣ
10/11,ΡΟΔΙΤΑ
10/11,ΡΟΔΙΩΝ
10/11,ΡΟΔΙΑ
10/11,ΡΟΔΟΥΛΑ
10/11,ΡΟΖΑΝΑ
10/11,ΡΟΖΙΝΑ
10/11,ΡΟΖΙΤΑ
10/11,ΩΡΙΩΝ
10/11,ΩΡΙΩΝΑΣ
10/11,ΩΡΙΏΝΗ
10/11,ΩΡΙΏΝΗΣ
11/11,ΒΙΚΤΟΡΑΣ
11/11,ΒΙΚΤΩΡ
11/11,ΒΙΚΤΩΡΑΣ
11/11,ΒΙΚΕΝΤΗΣ
11/11,ΒΙΚΕΝΤΙΟΣ
11/11,ΒΙΚΕΝΤΙΑ
11/11,ΒΙΚΤΟΡΙΑ
11/11,ΒΙΚΤΩΡΙΑ
11/11,ΒΙΤΩΡΙΑ
11/11,ΔΡΑΚΟΝΤΑΣ
11/11,ΔΡΑΚΟΣ
11/11,ΔΡΑΚΩΝ
11/11,ΔΡΑΚΟΥΛΑ
11/11,ΔΡΑΚΟΥΛΗΣ
11/11,ΜΗΝΑΣ
12/11,ΝΕΙΛΟΣ
13/11,ΔΑΜΑΣΚΗΝΗ
13/11,ΔΑΜΑΣΚΗΝΟΣ
14/11,ΦΙΛΙΠΠΑΣ
14/11,ΦΙΛΙΠΠΟΣ
14/11,ΦΙΛΙΠΠΑΚΗΣ
14/11,ΦΙΛΙΠΠΗΣ
16/11,ΙΦΙΓΕΝΕΙΑ
16/11,ΜΑΘΑΙΟΣ
16/11,ΜΑΘΙΟΣ
16/11,ΜΑΘΟΥΛΑ
16/11,ΜΑΤΘΑΙΟΣ
16/11,ΜΑΤΘΟΥΛΑ
17/11,ΓΕΝΑΔΙΟΣ
17/11,ΓΕΝΝΑΔΙΟΣ
18/11,ΠΛΑΤΩΝ
18/11,ΠΛΑΤΩΝΑΣ
18/11,ΠΛΑΤΏΝΑ
18/11,ΠΛΑΤΩΝΙΑ
20/11,ΔΕΝΑΧΙΔΑ
20/11,ΔΕΝΑΧΙΣ
21/11,ΒΙΡΓΙΝΙΑ
21/11,ΕΙΣΟΔΙΑ
21/11,ΛΕΜΟΝΙΑ
21/11,ΠΑΝΩΡΑΙΑ
21/11,ΣΟΥΖΗ
21/11,ΣΟΥΖΥ
21/11,ΣΟΥΛΤΑΝΑ
21/11,ΣΟΥΛΤΑΝΗΣ
22/11,ΒΑΛΙΑ
22/11,ΒΑΛΙΟΣ
22/11,ΒΑΛΕΡΙΑ
22/11,ΒΑΛΕΡΙΟΣ
22/11,ΒΑΛΕΡΙΑΝΑ
22/11,ΒΑΛΕΡΙΑΝΟΣ
22/11,ΚΕΚΙΛΙΑ
22/11,ΚΙΚΙΛΙΑ
22/11,ΣΕΣΙΛΙΑ
22/11,ΦΙΛΗΜΟΝΑΣ
22/11,ΦΙΛΗΜΩΝ
22/11,ΦΙΛΗΜΟΝΑ
22/11,ΦΙΛΗΜΟΝΗ
22/11,ΦΛΗΜΟΝΑ
23/11,ΕΛΕΝΟΣ
23/11,ΑΜΦΙΛΟΧΙΟΣ
23/11,ΑΜΦΙΛΟΧΙΑ
23/11,ΛΕΝΟΣ
25/11,ΑΙΚΑΤΕΡΙΝΗ
25/11,ΚΑΤΙΑ
25/11,ΚΑΙΤΗ
25/11,ΚΑΛΟΤΙΝΑ
25/11,ΚΑΤΙΝΑ
25/11,ΚΑΤΕΡΙΝΑ
25/11,ΜΑΡΚΟΡΑΣ
25/11,ΜΕΡΚΟΥΡΑΣ
25/11,ΜΕΡΚΟΥΡΗΣ
25/11,ΜΕΡΚΟΥΡΙΟΣ
25/11,ΜΕΡΚΟΥΡΙΑ
25/11,ΡΙΝΑ
26/11,ΝΙΚΩΝ
26/11,ΣΤΕΛΑ
26/11,ΣΤΕΛΙΟΣ
26/11,ΣΤΕΛΛΑ
26/11,ΣΤΕΡΓΙΟΣ
26/11,ΣΤΕΛΗΣ
26/11,ΣΤΕΛΙΝΑ
26/11,ΣΤΕΡΓΙΑΝΗ
26/11,ΣΤΕΡΓΙΟΥΛΑ
26/11,ΣΤΥΛΙΑΝΗ
26/11,ΣΤΥΛΙΑΝΟΣ
26/11,ΤΕΛΑ
26/11,ΤΕΛΙΟΣ
26/11,ΤΕΛΙΑ
26/11,ΤΕΛΙΤΣΑ
28/11,ΕΙΡΗΝΑΡΧΟΣ
29/11,ΦΙΛΗ
29/11,ΦΙΛΟΣ
29/11,ΦΑΙΔΡΑ
29/11,ΦΑΙΔΡΙΝΑ
29/11,ΦΑΙΔΡΟΥΛΑ
29/11,ΦΙΛΟΥΜΕΝΟΣ
29/11,ΦΙΛΟΜΙΛΑ
29/11,ΦΙΛΟΜΙΛΗ
29/11,ΦΙΛΟΜΙΝΑ
29/11,ΦΙΛΟΥΜΕΝΗ
30/11,ΑΝΤΡΙΑ
30/11,ΑΝΔΡΕΑΣ
30/11,ΑΝΔΡΙΚΟΣ
30/11,ΑΝΔΡΙΑΝΗ
30/11,ΑΝΔΡΟΥΛΑ
30/11,ΑΝΤΡΕΑΣ
30/11,ΑΝΤΡΙΚΟΣ
01/12,ΑΡΕΤΗ
01/12,ΑΡΕΤΟΥΣΑ
01/12,ΘΕΟΚΛΗΤΟΣ
01/12,ΘΕΟΚΛΗΤΗ
01/12,ΝΑΟΜΙ
01/12,ΝΑΟΥΜ
01/12,ΝΑΟΥΜΑ
01/12,ΝΑΟΥΜΗΣ
01/12,ΦΑΙΝΑΡΕΤΗ
01/12,ΦΙΛΑΡΕΤΟΣ
01/12,ΦΙΛΑΡΕΤΗ
01/12,ΦΙΛΑΡΕΤΗΣ
02/12,ΜΕΡΟΠΗ
02/12,ΜΥΡΟΠΗ
02/12,ΣΟΛΟΜΏΝ
02/12,ΣΟΛΟΜΏΝΤΑΣ
02/12,ΣΟΛΟΜΩΝΤΙΑ
03/12,ΓΛΥΚΕΡΙΟΣ
03/12,ΓΛΥΚΕΡΟΣ
04/12,ΒΑΡΒΑΡΑ
04/12,ΒΑΡΒΑΡΩ
04/12,ΒΑΡΒΑΡΙΤΣΑ
04/12,ΒΑΡΒΑΡΟΥΛΑ
04/12,ΡΙΤΣΑ
05/12,ΔΙΟΓΕΝΗΣ
06/12,ΜΥΡΙΑΛΛΗΣ
06/12,ΝΙΚΟΣ
06/12,ΝΙΚΟΛ
06/12,ΝΙΚΟΛΑΟΣ
06/12,ΝΙΚΟΛΑΣ
06/12,ΝΙΚΟΛΑΚΗΣ
06/12,ΝΙΚΟΛΕΤΑ
06/12,ΝΙΚΟΛΕΤΤΑ
06/12,ΝΙΚΟΛΗΣ
06/12,ΝΙΚΟΛΙΝΑ
06/12,ΝΙΚΟΛΙΤΣΑ
06/12,ΝΙΚΟΛΟΣ
06/12,ΝΙΚΟΛΟΥΔΑ
07/12,ΑΜΒΡΟΣΗΣ
07/12,ΑΜΒΡΟΣΙΟΣ
07/12,ΑΜΒΡΟΣΙΑ
08/12,ΠΑΤΑΠΙΟΣ
12/12,ΣΠΗΛΙΟΣ
12/12,ΣΠΥΡΟΣ
12/12,ΣΠΥΡΑΚΗΣ
12/12,ΣΠΥΡΑΚΟΣ
12/12,ΣΠΥΡΕΤΑ
12/12,ΣΠΥΡΕΤΟΣ
12/12,ΣΠΥΡΙΔΙΝΑ
12/12,ΣΠΥΡΙΔΩΝ
12/12,ΣΠΥΡΙΔΩΝΑΣ
12/12,ΣΠΥΡΙΝΑ
12/12,ΣΠΥΡΙΔΟΥΛΑ
12/12,ΣΠΥΡΟΥΛΑ
13/12,ΑΙΘΑΝ
13/12,ΑΑΡΏΝ
13/12,ΑΔΑΜ
13/12,ΑΙΘΑΝ
13/12,ΑΡΓΙΕΣ
13/12,ΔΕΒΟΡΑ
13/12,ΔΕΒΏΡΑ
13/12,ΕΣΘΗΡ
13/12,ΕΥΣΤΡΑΤΗΣ
13/12,ΕΥΣΤΡΑΤΙΟΣ
13/12,ΕΥΣΤΡΑΤΑΣ
13/12,ΕΥΣΤΡΑΤΟΥΛΑ
13/12,ΕΥΧΕΣ
13/12,ΙΣΑΑΚ
13/12,ΜΑΡΔΑΣ
13/12,ΜΑΡΔΑΡΗΣ
13/12,ΜΑΡΔΑΡΙΟΣ
13/12,ΜΕΛΧΗΣ
13/12,ΜΕΛΧΙΣΕΔΕΧ
13/12,ΜΠΕΚΥ
13/12,ΝΏΕ
13/12,ΝΤΕΜΠΟΡΑ
13/12,ΝΤΕΠΥ
13/12,ΡΑΧΗΛ
13/12,ΡΕΒΕΚΚΑ
13/12,ΡΟΥΜΠΕΝ
13/12,ΡΟΥΜΠΙΝΑ
13/12,ΡΟΥΜΠΙΝΙ
13/12,ΣΤΡΑΤΑΣ
14/12,ΑΡΕΙΑΝΟΣ
14/12,ΑΡΙΑΝΟΣ
14/12,ΑΡΡΕΙΑΝΟΣ
14/12,ΑΡΡΙΑΝΗ
14/12,ΑΡΡΙΑΝΟΣ
14/12,ΛΕΥΚΑΣ
14/12,ΛΕΥΚΗΣ
14/12,ΛΕΥΚΙΑ
14/12,ΛΕΥΚΙΟΣ
14/12,ΛΕΥΚΟΣ
14/12,ΛΕΥΚΑΔΑ
14/12,ΛΕΥΚΗ
14/12,ΛΕΥΚΟΣ
14/12,ΛΕΥΚΟΥΛΑ
15/12,ΑΝΘΕΙΑ
15/12,ΑΝΘΙΑ
15/12,ΑΝΘΗ
15/12,ΑΝΘΟΥΛΑ
15/12,ΕΛΕΥΘΕΡΙΟΣ
15/12,ΕΛΕΥΘΕΡΙΑ
15/12,ΛΕΥΘΕΡΙΑ
15/12,ΛΕΥΤΕΡΗΣ
15/12,ΛΕΥΤΕΡΙΑ
15/12,ΛΕΦΤΕΡΗΣ
15/12,ΡΙΑ
15/12,ΣΥΛΒΙΑ
15/12,ΣΩΣΑΝΑ
15/12,ΣΩΣΑΝΝΑ
15/12,ΣΩΣΣΑΝΑ
16/12,ΘΕΟΦΑΝΏ
16/12,ΜΟΔΕΣΤΟΣ
17/12,ΙΑΚΧΗ
17/12,ΙΑΚΧΟΣ
17/12,ΑΖΑΡΙΑΣ
17/12,ΔΑΝΙΕΛΑ
17/12,ΔΑΝΙΕΛΟΣ
17/12,ΔΑΝΙΗΛ
17/12,ΔΑΝΙΗΛΑ
17/12,ΔΑΝΙΗΛΟΣ
17/12,ΔΑΝΙΗΛΙΤΣΑ
17/12,ΜΙΣΑΗΛ
17/12,ΝΤΑΝΙΕΛ
19/12,ΑΓΛΑΪ́Α
20/12,ΙΑΚΏΒ
21/12,ΘΕΜΙΔΑ
21/12,ΘΕΜΙΣ
22/12,ΖΩΪ́ΛΑ
22/12,ΖΩΪ́ΛΟΣ
24/12,ΑΧΜΕΤ
24/12,ΕΥΓΕΝΙΑ
24/12,ΕΥΓΕΝΙΚΗ
24/12,ΕΥΓΕΝΙΤΣΑ
24/12,ΕΥΓΕΝΟΥΛΑ
24/12,ΤΖΕΝΗ
24/12,ΤΖΕΝΟΥΛΑ
25/12,ΕΜΜΥΛΙ
25/12,ΒΗΘΛΕΕΜ
25/12,ΓΑΣΠΑΡΗΣ
25/12,ΓΚΑΣΠΑΡΟΣ
25/12,ΓΚΑΣΠΑΡ
25/12,ΕΜΜΑΝΟΥΕΛΑ
25/12,ΕΜΜΑΝΟΥΕΛΛΑ
25/12,ΕΜΜΑΝΟΥΗΛ
25/12,ΜΑΝΟΣ
25/12,ΜΑΝΟΛΗΣ
25/12,ΜΑΝΏΛΗΣ
25/12,ΜΑΝΟΥΣΟΣ
25/12,ΜΑΝΟΥΕΛΑ
25/12,ΜΑΝΟΥΗΛ
25/12,ΜΑΝΟΥΣΑΚΗΣ
25/12,ΜΑΝΟΥΣΑΚΙ
25/12,ΜΑΝΩΛΙΑ
25/12,ΜΕΛΧΙΟΡ
25/12,ΜΕΛΧΙΏΡ
25/12,ΜΠΑΛΤΑΖΑΡ
25/12,ΜΠΑΛΤΑΣΑΡ
25/12,ΧΡΗΣΤΟΣ
25/12,ΧΡΙΣΤΟΣ
26/12,ΚΩΝΣΤΑΝΤΙΟΣ
26/12,ΚΩΣΤΑΝΤΙΟΣ
26/12,ΚΩΣΤΑΝΤΙΑ
26/12,ΧΑΡΙΤΩΜΕΝΗ
27/12,ΣΤΕΦΑ
27/12,ΣΤΕΦΑΝΟΣ
27/12,ΣΤΕΦΑΣ
27/12,ΣΤΕΦΗ
27/12,ΣΤΕΦΟΣ
27/12,ΣΤΕΦΑΝΑ
27/12,ΣΤΕΦΑΝΗ
27/12,ΣΤΕΦΑΝΗΣ
27/12,ΣΤΕΦΑΝΙΑ
27/12,ΣΤΕΦΑΝΙΤΣΑ
27/12,ΣΤΕΦΑΝΙΏ
28/12,ΔΟΜΝΑ
28/12,ΜΙΓΔΟΝΙΑ
28/12,ΜΥΓΔΟΝΗΣ
28/12,ΜΥΓΔΟΝΙΟΣ
28/12,ΜΥΓΔΟΝΙΑ
29/12,ΒΕΝΙΑΜΙΝ
30/12,ΑΝΥΣΙΟΣ
30/12,ΑΝΥΣΙΑ
30/12,ΓΕΔΕΏΝ
30/12,ΦΙΛΕΤΑΙΡΟΣ
30/12,ΦΙΛΕΤΑΙΡΑ
30/12,ΦΙΛΕΤΑΙΡΗ
30/12,ΦΙΛΕΤΑΙΡΗΣ
30/12,ΦΙΛΕΤΑΙΡΙΟΣ
30/12,ΦΙΛΕΤΑΙΡΙΑ
31/12,ΜΕΛΑΝΥ
31/12,ΜΑΥΡΗ
31/12,ΜΕΛΑΝΗ
31/12,ΜΕΛΑΝΙΑ
